CO_POSICAO;SG_AREA;CO_ITEM;TX_GABARITO;CO_HABILIDADE;TX_COR;CO_PROVA;TP_LINGUA;IN_ITEM_ADAPTADO
1;LC;55166;B;7;Azul;511;0;0
2;LC;54110;D;7;Azul;511;0;0
3;LC;23564;A;6;Azul;511;0;0
4;LC;31954;B;8;Azul;511;0;0
5;LC;118180;E;5;Azul;511;0;0
1;LC;96705;A;8;Azul;511;1;0
2;LC;118222;B;5;Azul;511;1;0
3;LC;39016;C;7;Azul;511;1;0
4;LC;118167;A;8;Azul;511;1;0
5;LC;48558;D;6;Azul;511;1;0
6;LC;86563;B;3;Azul;511;;0
7;LC;118161;C;24;Azul;511;;0
8;LC;118147;B;23;Azul;511;;0
9;LC;118118;A;9;Azul;511;;0
10;LC;118215;A;2;Azul;511;;0
11;LC;118207;D;11;Azul;511;;0
12;LC;118170;D;23;Azul;511;;0
13;LC;90165;B;15;Azul;511;;0
14;LC;118232;E;16;Azul;511;;0
15;LC;118174;C;19;Azul;511;;0
16;LC;76167;D;1;Azul;511;;0
17;LC;68624;A;30;Azul;511;;0
18;LC;96525;A;28;Azul;511;;0
19;LC;89317;E;28;Azul;511;;0
20;LC;86496;C;30;Azul;511;;0
21;LC;118256;D;17;Azul;511;;0
22;LC;118306;A;16;Azul;511;;0
23;LC;118264;E;21;Azul;511;;0
24;LC;89550;C;1;Azul;511;;0
25;LC;14169;B;14;Azul;511;;0
26;LC;118235;E;22;Azul;511;;0
27;LC;118117;C;10;Azul;511;;0
28;LC;118278;B;16;Azul;511;;0
29;LC;59976;C;30;Azul;511;;0
30;LC;23833;C;20;Azul;511;;0
31;LC;81992;D;12;Azul;511;;0
32;LC;32261;E;24;Azul;511;;0
33;LC;118260;E;15;Azul;511;;0
34;LC;118134;A;26;Azul;511;;0
35;LC;89874;A;10;Azul;511;;0
36;LC;86932;A;14;Azul;511;;0
37;LC;24785;D;28;Azul;511;;0
38;LC;118028;D;29;Azul;511;;0
39;LC;118246;B;17;Azul;511;;0
40;LC;77356;B;13;Azul;511;;0
41;LC;118276;C;16;Azul;511;;0
42;LC;118299;D;18;Azul;511;;0
43;LC;118165;C;4;Azul;511;;0
44;LC;118103;E;27;Azul;511;;0
45;LC;118192;B;25;Azul;511;;0
1;LC;31954;B;8;Amarela;512;0;0
2;LC;55166;B;7;Amarela;512;0;0
3;LC;118180;E;5;Amarela;512;0;0
4;LC;54110;D;7;Amarela;512;0;0
5;LC;23564;A;6;Amarela;512;0;0
1;LC;118222;B;5;Amarela;512;1;0
2;LC;48558;D;6;Amarela;512;1;0
3;LC;96705;A;8;Amarela;512;1;0
4;LC;39016;C;7;Amarela;512;1;0
5;LC;118167;A;8;Amarela;512;1;0
6;LC;118161;C;24;Amarela;512;;0
7;LC;86563;B;3;Amarela;512;;0
8;LC;118118;A;9;Amarela;512;;0
9;LC;118147;B;23;Amarela;512;;0
10;LC;118306;A;16;Amarela;512;;0
11;LC;118264;E;21;Amarela;512;;0
12;LC;89550;C;1;Amarela;512;;0
13;LC;14169;B;14;Amarela;512;;0
14;LC;118278;B;16;Amarela;512;;0
15;LC;59976;C;30;Amarela;512;;0
16;LC;23833;C;20;Amarela;512;;0
17;LC;118215;A;2;Amarela;512;;0
18;LC;118207;D;11;Amarela;512;;0
19;LC;118165;C;4;Amarela;512;;0
20;LC;118103;E;27;Amarela;512;;0
21;LC;118192;B;25;Amarela;512;;0
22;LC;118170;D;23;Amarela;512;;0
23;LC;90165;B;15;Amarela;512;;0
24;LC;77356;B;13;Amarela;512;;0
25;LC;118276;C;16;Amarela;512;;0
26;LC;118299;D;18;Amarela;512;;0
27;LC;81992;D;12;Amarela;512;;0
28;LC;32261;E;24;Amarela;512;;0
29;LC;118260;E;15;Amarela;512;;0
30;LC;118134;A;26;Amarela;512;;0
31;LC;89874;A;10;Amarela;512;;0
32;LC;86932;A;14;Amarela;512;;0
33;LC;24785;D;28;Amarela;512;;0
34;LC;118028;D;29;Amarela;512;;0
35;LC;118246;B;17;Amarela;512;;0
36;LC;89317;E;28;Amarela;512;;0
37;LC;86496;C;30;Amarela;512;;0
38;LC;118256;D;17;Amarela;512;;0
39;LC;118235;E;22;Amarela;512;;0
40;LC;118117;C;10;Amarela;512;;0
41;LC;68624;A;30;Amarela;512;;0
42;LC;96525;A;28;Amarela;512;;0
43;LC;118232;E;16;Amarela;512;;0
44;LC;118174;C;19;Amarela;512;;0
45;LC;76167;D;1;Amarela;512;;0
1;LC;23564;A;6;Rosa;513;0;0
2;LC;54110;D;7;Rosa;513;0;0
3;LC;31954;B;8;Rosa;513;0;0
4;LC;55166;B;7;Rosa;513;0;0
5;LC;118180;E;5;Rosa;513;0;0
1;LC;48558;D;6;Rosa;513;1;0
2;LC;39016;C;7;Rosa;513;1;0
3;LC;118167;A;8;Rosa;513;1;0
4;LC;118222;B;5;Rosa;513;1;0
5;LC;96705;A;8;Rosa;513;1;0
6;LC;118118;A;9;Rosa;513;;0
7;LC;118147;B;23;Rosa;513;;0
8;LC;86563;B;3;Rosa;513;;0
9;LC;118161;C;24;Rosa;513;;0
10;LC;77356;B;13;Rosa;513;;0
11;LC;118276;C;16;Rosa;513;;0
12;LC;118299;D;18;Rosa;513;;0
13;LC;68624;A;30;Rosa;513;;0
14;LC;96525;A;28;Rosa;513;;0
15;LC;89317;E;28;Rosa;513;;0
16;LC;86496;C;30;Rosa;513;;0
17;LC;118256;D;17;Rosa;513;;0
18;LC;24785;D;28;Rosa;513;;0
19;LC;118028;D;29;Rosa;513;;0
20;LC;118246;B;17;Rosa;513;;0
21;LC;118134;A;26;Rosa;513;;0
22;LC;89874;A;10;Rosa;513;;0
23;LC;86932;A;14;Rosa;513;;0
24;LC;118235;E;22;Rosa;513;;0
25;LC;118117;C;10;Rosa;513;;0
26;LC;118215;A;2;Rosa;513;;0
27;LC;118207;D;11;Rosa;513;;0
28;LC;118232;E;16;Rosa;513;;0
29;LC;118174;C;19;Rosa;513;;0
30;LC;76167;D;1;Rosa;513;;0
31;LC;118165;C;4;Rosa;513;;0
32;LC;118103;E;27;Rosa;513;;0
33;LC;118192;B;25;Rosa;513;;0
34;LC;81992;D;12;Rosa;513;;0
35;LC;32261;E;24;Rosa;513;;0
36;LC;118260;E;15;Rosa;513;;0
37;LC;118306;A;16;Rosa;513;;0
38;LC;118264;E;21;Rosa;513;;0
39;LC;89550;C;1;Rosa;513;;0
40;LC;14169;B;14;Rosa;513;;0
41;LC;118170;D;23;Rosa;513;;0
42;LC;90165;B;15;Rosa;513;;0
43;LC;118278;B;16;Rosa;513;;0
44;LC;59976;C;30;Rosa;513;;0
45;LC;23833;C;20;Rosa;513;;0
1;LC;118180;E;5;Branca;514;0;0
2;LC;31954;B;8;Branca;514;0;0
3;LC;55166;B;7;Branca;514;0;0
4;LC;23564;A;6;Branca;514;0;0
5;LC;54110;D;7;Branca;514;0;0
1;LC;39016;C;7;Branca;514;1;0
2;LC;96705;A;8;Branca;514;1;0
3;LC;118222;B;5;Branca;514;1;0
4;LC;48558;D;6;Branca;514;1;0
5;LC;118167;A;8;Branca;514;1;0
6;LC;118147;B;23;Branca;514;;0
7;LC;118118;A;9;Branca;514;;0
8;LC;118161;C;24;Branca;514;;0
9;LC;86563;B;3;Branca;514;;0
10;LC;118165;C;4;Branca;514;;0
11;LC;118103;E;27;Branca;514;;0
12;LC;118192;B;25;Branca;514;;0
13;LC;81992;D;12;Branca;514;;0
14;LC;32261;E;24;Branca;514;;0
15;LC;118260;E;15;Branca;514;;0
16;LC;118134;A;26;Branca;514;;0
17;LC;89874;A;10;Branca;514;;0
18;LC;86932;A;14;Branca;514;;0
19;LC;24785;D;28;Branca;514;;0
20;LC;118028;D;29;Branca;514;;0
21;LC;118246;B;17;Branca;514;;0
22;LC;118232;E;16;Branca;514;;0
23;LC;118174;C;19;Branca;514;;0
24;LC;76167;D;1;Branca;514;;0
25;LC;89317;E;28;Branca;514;;0
26;LC;86496;C;30;Branca;514;;0
27;LC;118256;D;17;Branca;514;;0
28;LC;118170;D;23;Branca;514;;0
29;LC;90165;B;15;Branca;514;;0
30;LC;118215;A;2;Branca;514;;0
31;LC;118207;D;11;Branca;514;;0
32;LC;77356;B;13;Branca;514;;0
33;LC;118276;C;16;Branca;514;;0
34;LC;118299;D;18;Branca;514;;0
35;LC;68624;A;30;Branca;514;;0
36;LC;96525;A;28;Branca;514;;0
37;LC;118235;E;22;Branca;514;;0
38;LC;118117;C;10;Branca;514;;0
39;LC;118278;B;16;Branca;514;;0
40;LC;59976;C;30;Branca;514;;0
41;LC;23833;C;20;Branca;514;;0
42;LC;118306;A;16;Branca;514;;0
43;LC;118264;E;21;Branca;514;;0
44;LC;89550;C;1;Branca;514;;0
45;LC;14169;B;14;Branca;514;;0
1;LC;31954;B;8;Laranja;521;0;0
2;LC;55166;B;7;Laranja;521;0;0
3;LC;118180;E;5;Laranja;521;0;0
4;LC;54110;D;7;Laranja;521;0;0
5;LC;23564;A;6;Laranja;521;0;0
1;LC;118222;B;5;Laranja;521;1;0
2;LC;48558;D;6;Laranja;521;1;0
3;LC;96705;A;8;Laranja;521;1;0
4;LC;39016;C;7;Laranja;521;1;0
5;LC;118167;A;8;Laranja;521;1;0
6;LC;118161;C;24;Laranja;521;;0
7;LC;86563;B;3;Laranja;521;;0
8;LC;118118;A;9;Laranja;521;;0
9;LC;118147;B;23;Laranja;521;;0
10;LC;118306;A;16;Laranja;521;;0
11;LC;118264;E;21;Laranja;521;;0
12;LC;89550;C;1;Laranja;521;;0
13;LC;14169;B;14;Laranja;521;;0
14;LC;118278;B;16;Laranja;521;;0
15;LC;59976;C;30;Laranja;521;;0
16;LC;23833;C;20;Laranja;521;;0
17;LC;118215;A;2;Laranja;521;;0
18;LC;118207;D;11;Laranja;521;;0
19;LC;118165;C;4;Laranja;521;;0
20;LC;118103;E;27;Laranja;521;;0
21;LC;118192;B;25;Laranja;521;;0
22;LC;118170;D;23;Laranja;521;;0
23;LC;90165;B;15;Laranja;521;;0
24;LC;77356;B;13;Laranja;521;;0
25;LC;118276;C;16;Laranja;521;;0
26;LC;118299;D;18;Laranja;521;;0
27;LC;81992;D;12;Laranja;521;;0
28;LC;32261;E;24;Laranja;521;;0
29;LC;118260;E;15;Laranja;521;;0
30;LC;118134;A;26;Laranja;521;;0
31;LC;89874;A;10;Laranja;521;;0
32;LC;86932;A;14;Laranja;521;;0
33;LC;24785;D;28;Laranja;521;;0
34;LC;118028;D;29;Laranja;521;;0
35;LC;118246;B;17;Laranja;521;;0
36;LC;89317;E;28;Laranja;521;;0
37;LC;86496;C;30;Laranja;521;;0
38;LC;118256;D;17;Laranja;521;;0
39;LC;118235;E;22;Laranja;521;;0
40;LC;118117;C;10;Laranja;521;;0
41;LC;68624;A;30;Laranja;521;;0
42;LC;96525;A;28;Laranja;521;;0
43;LC;118232;E;16;Laranja;521;;0
44;LC;118174;C;19;Laranja;521;;0
45;LC;76167;D;1;Laranja;521;;0
1;LC;31954;B;8;Verde;525;0;1
2;LC;55166;B;7;Verde;525;0;1
3;LC;118180;E;5;Verde;525;0;1
4;LC;54110;D;7;Verde;525;0;1
5;LC;23564;A;6;Verde;525;0;1
1;LC;118222;B;5;Verde;525;1;1
2;LC;48558;D;6;Verde;525;1;1
3;LC;96705;A;8;Verde;525;1;1
4;LC;39016;C;7;Verde;525;1;1
5;LC;118167;A;8;Verde;525;1;1
6;LC;118161;C;24;Verde;525;;1
7;LC;86563;B;3;Verde;525;;1
8;LC;118118;A;9;Verde;525;;1
9;LC;118147;B;23;Verde;525;;1
10;LC;118306;A;16;Verde;525;;1
11;LC;118264;E;21;Verde;525;;1
12;LC;89550;C;1;Verde;525;;1
13;LC;14169;B;14;Verde;525;;1
14;LC;118278;B;16;Verde;525;;1
15;LC;59976;C;30;Verde;525;;1
16;LC;23833;C;20;Verde;525;;1
17;LC;118215;A;2;Verde;525;;1
18;LC;118207;D;11;Verde;525;;1
19;LC;118165;C;4;Verde;525;;1
20;LC;118103;E;27;Verde;525;;1
21;LC;118192;B;25;Verde;525;;1
22;LC;118170;D;23;Verde;525;;1
23;LC;90165;B;15;Verde;525;;1
24;LC;77356;B;13;Verde;525;;1
25;LC;118276;C;16;Verde;525;;1
26;LC;118299;D;18;Verde;525;;1
27;LC;81992;D;12;Verde;525;;1
28;LC;32261;E;24;Verde;525;;1
29;LC;118260;E;15;Verde;525;;1
30;LC;118134;A;26;Verde;525;;1
31;LC;89874;A;10;Verde;525;;1
32;LC;86932;A;14;Verde;525;;1
33;LC;24785;D;28;Verde;525;;1
34;LC;118028;D;29;Verde;525;;1
35;LC;118246;B;17;Verde;525;;1
36;LC;89317;E;28;Verde;525;;1
37;LC;86496;C;30;Verde;525;;1
38;LC;118256;D;17;Verde;525;;1
39;LC;118235;E;22;Verde;525;;1
40;LC;118117;C;10;Verde;525;;1
41;LC;68624;A;30;Verde;525;;1
42;LC;96525;A;28;Verde;525;;1
43;LC;118232;E;16;Verde;525;;1
44;LC;118174;C;19;Verde;525;;1
45;LC;76167;D;1;Verde;525;;1
1;LC;86116;E;5;Azul;551;0;0
2;LC;40270;D;7;Azul;551;0;0
3;LC;77968;A;6;Azul;551;0;0
4;LC;98030;B;8;Azul;551;0;0
5;LC;18848;B;6;Azul;551;0;0
1;LC;17910;D;6;Azul;551;1;0
2;LC;25684;A;7;Azul;551;1;0
3;LC;55170;A;5;Azul;551;1;0
4;LC;32839;B;8;Azul;551;1;0
5;LC;87810;B;6;Azul;551;1;0
6;LC;83841;D;30;Azul;551;;0
7;LC;89089;B;17;Azul;551;;0
8;LC;82045;A;1;Azul;551;;0
9;LC;86434;A;20;Azul;551;;0
10;LC;37925;C;27;Azul;551;;0
11;LC;96909;E;4;Azul;551;;0
12;LC;63561;A;12;Azul;551;;0
13;LC;32254;A;9;Azul;551;;0
14;LC;82391;E;17;Azul;551;;0
15;LC;60118;C;25;Azul;551;;0
16;LC;38780;B;4;Azul;551;;0
17;LC;49170;C;22;Azul;551;;0
18;LC;77451;B;18;Azul;551;;0
19;LC;42875;B;15;Azul;551;;0
20;LC;77601;E;21;Azul;551;;0
21;LC;96915;C;2;Azul;551;;0
22;LC;86328;D;26;Azul;551;;0
23;LC;47604;D;3;Azul;551;;0
24;LC;85698;E;16;Azul;551;;0
25;LC;50074;A;19;Azul;551;;0
26;LC;61358;D;28;Azul;551;;0
27;LC;61312;A;12;Azul;551;;0
28;LC;81621;B;23;Azul;551;;0
29;LC;85873;B;16;Azul;551;;0
30;LC;83874;E;24;Azul;551;;0
31;LC;98288;D;16;Azul;551;;0
32;LC;29602;E;10;Azul;551;;0
33;LC;68112;C;18;Azul;551;;0
34;LC;87976;E;3;Azul;551;;0
35;LC;85630;C;11;Azul;551;;0
36;LC;97756;A;17;Azul;551;;0
37;LC;98305;B;25;Azul;551;;0
38;LC;84059;B;11;Azul;551;;0
39;LC;42506;D;4;Azul;551;;0
40;LC;68223;B;14;Azul;551;;0
41;LC;87984;E;15;Azul;551;;0
42;LC;118070;A;18;Azul;551;;0
43;LC;68155;E;23;Azul;551;;0
44;LC;85383;B;16;Azul;551;;0
45;LC;83334;C;24;Azul;551;;0
1;LC;77968;A;6;Amarela;552;0;0
2;LC;98030;B;8;Amarela;552;0;0
3;LC;18848;B;6;Amarela;552;0;0
4;LC;86116;E;5;Amarela;552;0;0
5;LC;40270;D;7;Amarela;552;0;0
1;LC;55170;A;5;Amarela;552;1;0
2;LC;32839;B;8;Amarela;552;1;0
3;LC;87810;B;6;Amarela;552;1;0
4;LC;17910;D;6;Amarela;552;1;0
5;LC;25684;A;7;Amarela;552;1;0
6;LC;118070;A;18;Amarela;552;;0
7;LC;68155;E;23;Amarela;552;;0
8;LC;85383;B;16;Amarela;552;;0
9;LC;83334;C;24;Amarela;552;;0
10;LC;68223;B;14;Amarela;552;;0
11;LC;87984;E;15;Amarela;552;;0
12;LC;98305;B;25;Amarela;552;;0
13;LC;84059;B;11;Amarela;552;;0
14;LC;42506;D;4;Amarela;552;;0
15;LC;87976;E;3;Amarela;552;;0
16;LC;85630;C;11;Amarela;552;;0
17;LC;97756;A;17;Amarela;552;;0
18;LC;98288;D;16;Amarela;552;;0
19;LC;29602;E;10;Amarela;552;;0
20;LC;68112;C;18;Amarela;552;;0
21;LC;85873;B;16;Amarela;552;;0
22;LC;83874;E;24;Amarela;552;;0
23;LC;61358;D;28;Amarela;552;;0
24;LC;61312;A;12;Amarela;552;;0
25;LC;81621;B;23;Amarela;552;;0
26;LC;47604;D;3;Amarela;552;;0
27;LC;85698;E;16;Amarela;552;;0
28;LC;50074;A;19;Amarela;552;;0
29;LC;96915;C;2;Amarela;552;;0
30;LC;86328;D;26;Amarela;552;;0
31;LC;77451;B;18;Amarela;552;;0
32;LC;42875;B;15;Amarela;552;;0
33;LC;77601;E;21;Amarela;552;;0
34;LC;60118;C;25;Amarela;552;;0
35;LC;38780;B;4;Amarela;552;;0
36;LC;49170;C;22;Amarela;552;;0
37;LC;63561;A;12;Amarela;552;;0
38;LC;32254;A;9;Amarela;552;;0
39;LC;82391;E;17;Amarela;552;;0
40;LC;86434;A;20;Amarela;552;;0
41;LC;37925;C;27;Amarela;552;;0
42;LC;96909;E;4;Amarela;552;;0
43;LC;83841;D;30;Amarela;552;;0
44;LC;89089;B;17;Amarela;552;;0
45;LC;82045;A;1;Amarela;552;;0
1;LC;18848;B;6;Branca;553;0;0
2;LC;98030;B;8;Branca;553;0;0
3;LC;77968;A;6;Branca;553;0;0
4;LC;40270;D;7;Branca;553;0;0
5;LC;86116;E;5;Branca;553;0;0
1;LC;87810;B;6;Branca;553;1;0
2;LC;55170;A;5;Branca;553;1;0
3;LC;25684;A;7;Branca;553;1;0
4;LC;32839;B;8;Branca;553;1;0
5;LC;17910;D;6;Branca;553;1;0
6;LC;77451;B;18;Branca;553;;0
7;LC;42875;B;15;Branca;553;;0
8;LC;77601;E;21;Branca;553;;0
9;LC;61358;D;28;Branca;553;;0
10;LC;61312;A;12;Branca;553;;0
11;LC;81621;B;23;Branca;553;;0
12;LC;96915;C;2;Branca;553;;0
13;LC;86328;D;26;Branca;553;;0
14;LC;98288;D;16;Branca;553;;0
15;LC;29602;E;10;Branca;553;;0
16;LC;68112;C;18;Branca;553;;0
17;LC;83841;D;30;Branca;553;;0
18;LC;89089;B;17;Branca;553;;0
19;LC;82045;A;1;Branca;553;;0
20;LC;87976;E;3;Branca;553;;0
21;LC;85630;C;11;Branca;553;;0
22;LC;97756;A;17;Branca;553;;0
23;LC;63561;A;12;Branca;553;;0
24;LC;32254;A;9;Branca;553;;0
25;LC;82391;E;17;Branca;553;;0
26;LC;86434;A;20;Branca;553;;0
27;LC;37925;C;27;Branca;553;;0
28;LC;96909;E;4;Branca;553;;0
29;LC;98305;B;25;Branca;553;;0
30;LC;84059;B;11;Branca;553;;0
31;LC;42506;D;4;Branca;553;;0
32;LC;68223;B;14;Branca;553;;0
33;LC;87984;E;15;Branca;553;;0
34;LC;85873;B;16;Branca;553;;0
35;LC;83874;E;24;Branca;553;;0
36;LC;118070;A;18;Branca;553;;0
37;LC;68155;E;23;Branca;553;;0
38;LC;85383;B;16;Branca;553;;0
39;LC;83334;C;24;Branca;553;;0
40;LC;47604;D;3;Branca;553;;0
41;LC;85698;E;16;Branca;553;;0
42;LC;50074;A;19;Branca;553;;0
43;LC;60118;C;25;Branca;553;;0
44;LC;38780;B;4;Branca;553;;0
45;LC;49170;C;22;Branca;553;;0
1;LC;40270;D;7;Rosa;554;0;0
2;LC;18848;B;6;Rosa;554;0;0
3;LC;98030;B;8;Rosa;554;0;0
4;LC;77968;A;6;Rosa;554;0;0
5;LC;86116;E;5;Rosa;554;0;0
1;LC;25684;A;7;Rosa;554;1;0
2;LC;87810;B;6;Rosa;554;1;0
3;LC;32839;B;8;Rosa;554;1;0
4;LC;17910;D;6;Rosa;554;1;0
5;LC;55170;A;5;Rosa;554;1;0
6;LC;60118;C;25;Rosa;554;;0
7;LC;38780;B;4;Rosa;554;;0
8;LC;49170;C;22;Rosa;554;;0
9;LC;47604;D;3;Rosa;554;;0
10;LC;85698;E;16;Rosa;554;;0
11;LC;50074;A;19;Rosa;554;;0
12;LC;85873;B;16;Rosa;554;;0
13;LC;83874;E;24;Rosa;554;;0
14;LC;118070;A;18;Rosa;554;;0
15;LC;68155;E;23;Rosa;554;;0
16;LC;85383;B;16;Rosa;554;;0
17;LC;83334;C;24;Rosa;554;;0
18;LC;68223;B;14;Rosa;554;;0
19;LC;87984;E;15;Rosa;554;;0
20;LC;86434;A;20;Rosa;554;;0
21;LC;37925;C;27;Rosa;554;;0
22;LC;96909;E;4;Rosa;554;;0
23;LC;98305;B;25;Rosa;554;;0
24;LC;84059;B;11;Rosa;554;;0
25;LC;42506;D;4;Rosa;554;;0
26;LC;98288;D;16;Rosa;554;;0
27;LC;29602;E;10;Rosa;554;;0
28;LC;68112;C;18;Rosa;554;;0
29;LC;87976;E;3;Rosa;554;;0
30;LC;85630;C;11;Rosa;554;;0
31;LC;97756;A;17;Rosa;554;;0
32;LC;61358;D;28;Rosa;554;;0
33;LC;61312;A;12;Rosa;554;;0
34;LC;81621;B;23;Rosa;554;;0
35;LC;83841;D;30;Rosa;554;;0
36;LC;89089;B;17;Rosa;554;;0
37;LC;82045;A;1;Rosa;554;;0
38;LC;96915;C;2;Rosa;554;;0
39;LC;86328;D;26;Rosa;554;;0
40;LC;77451;B;18;Rosa;554;;0
41;LC;42875;B;15;Rosa;554;;0
42;LC;77601;E;21;Rosa;554;;0
43;LC;63561;A;12;Rosa;554;;0
44;LC;32254;A;9;Rosa;554;;0
45;LC;82391;E;17;Rosa;554;;0
1;LC;86116;E;5;Laranja;565;0;0
2;LC;40270;D;7;Laranja;565;0;0
3;LC;77968;A;6;Laranja;565;0;0
4;LC;98030;B;8;Laranja;565;0;0
5;LC;18848;B;6;Laranja;565;0;0
1;LC;17910;D;6;Laranja;565;1;0
2;LC;25684;A;7;Laranja;565;1;0
3;LC;55170;A;5;Laranja;565;1;0
4;LC;32839;B;8;Laranja;565;1;0
5;LC;87810;B;6;Laranja;565;1;0
6;LC;83841;D;30;Laranja;565;;0
7;LC;89089;B;17;Laranja;565;;0
8;LC;82045;A;1;Laranja;565;;0
9;LC;86434;A;20;Laranja;565;;0
10;LC;37925;C;27;Laranja;565;;0
11;LC;96909;E;4;Laranja;565;;0
12;LC;63561;A;12;Laranja;565;;0
13;LC;32254;A;9;Laranja;565;;0
14;LC;82391;E;17;Laranja;565;;0
15;LC;60118;C;25;Laranja;565;;0
16;LC;38780;B;4;Laranja;565;;0
17;LC;49170;C;22;Laranja;565;;0
18;LC;77451;B;18;Laranja;565;;0
19;LC;42875;B;15;Laranja;565;;0
20;LC;77601;E;21;Laranja;565;;0
21;LC;96915;C;2;Laranja;565;;0
22;LC;86328;D;26;Laranja;565;;0
23;LC;47604;D;3;Laranja;565;;0
24;LC;85698;E;16;Laranja;565;;0
25;LC;50074;A;19;Laranja;565;;0
26;LC;61358;D;28;Laranja;565;;0
27;LC;61312;A;12;Laranja;565;;0
28;LC;81621;B;23;Laranja;565;;0
29;LC;85873;B;16;Laranja;565;;0
30;LC;83874;E;24;Laranja;565;;0
31;LC;98288;D;16;Laranja;565;;0
32;LC;29602;E;10;Laranja;565;;0
33;LC;68112;C;18;Laranja;565;;0
34;LC;87976;E;3;Laranja;565;;0
35;LC;85630;C;11;Laranja;565;;0
36;LC;97756;A;17;Laranja;565;;0
37;LC;98305;B;25;Laranja;565;;0
38;LC;84059;B;11;Laranja;565;;0
39;LC;42506;D;4;Laranja;565;;0
40;LC;68223;B;14;Laranja;565;;0
41;LC;87984;E;15;Laranja;565;;0
42;LC;118070;A;18;Laranja;565;;0
43;LC;68155;E;23;Laranja;565;;0
44;LC;85383;B;16;Laranja;565;;0
45;LC;83334;C;24;Laranja;565;;0
46;CH;111894;B;27;Azul;507;;0
47;CH;118054;A;28;Azul;507;;0
48;CH;118067;C;29;Azul;507;;0
49;CH;66498;C;30;Azul;507;;0
50;CH;86751;C;23;Azul;507;;0
51;CH;83820;B;12;Azul;507;;0
52;CH;77940;A;16;Azul;507;;0
53;CH;118034;B;9;Azul;507;;0
54;CH;84888;B;15;Azul;507;;0
55;CH;88233;A;15;Azul;507;;0
56;CH;86934;D;17;Azul;507;;0
57;CH;118158;C;6;Azul;507;;0
58;CH;88306;B;23;Azul;507;;0
59;CH;118033;C;6;Azul;507;;0
60;CH;84769;E;11;Azul;507;;0
61;CH;118022;E;26;Azul;507;;0
62;CH;111844;E;11;Azul;507;;0
63;CH;33960;B;14;Azul;507;;0
64;CH;78903;C;11;Azul;507;;0
65;CH;97975;A;1;Azul;507;;0
66;CH;118108;C;22;Azul;507;;0
67;CH;66219;A;1;Azul;507;;0
68;CH;111877;C;10;Azul;507;;0
69;CH;88194;E;19;Azul;507;;0
70;CH;118125;E;21;Azul;507;;0
71;CH;87057;D;20;Azul;507;;0
72;CH;85139;B;24;Azul;507;;0
73;CH;88308;C;3;Azul;507;;0
74;CH;87709;C;3;Azul;507;;0
75;CH;112135;A;27;Azul;507;;0
76;CH;81689;D;23;Azul;507;;0
77;CH;118029;B;5;Azul;507;;0
78;CH;118024;E;4;Azul;507;;0
79;CH;97013;A;24;Azul;507;;0
80;CH;11601;D;15;Azul;507;;0
81;CH;89147;B;18;Azul;507;;0
82;CH;84811;A;2;Azul;507;;0
83;CH;96447;D;20;Azul;507;;0
84;CH;96302;B;7;Azul;507;;0
85;CH;111820;B;5;Azul;507;;0
86;CH;96596;B;7;Azul;507;;0
87;CH;84147;A;25;Azul;507;;0
88;CH;95648;C;8;Azul;507;;0
89;CH;118038;D;26;Azul;507;;0
90;CH;76955;B;27;Azul;507;;0
46;CH;86751;C;23;Amarela;508;;0
47;CH;83820;B;12;Amarela;508;;0
48;CH;77940;A;16;Amarela;508;;0
49;CH;118034;B;9;Amarela;508;;0
50;CH;84811;A;2;Amarela;508;;0
51;CH;96447;D;20;Amarela;508;;0
52;CH;96302;B;7;Amarela;508;;0
53;CH;111820;B;5;Amarela;508;;0
54;CH;118033;C;6;Amarela;508;;0
55;CH;84769;E;11;Amarela;508;;0
56;CH;118022;E;26;Amarela;508;;0
57;CH;111844;E;11;Amarela;508;;0
58;CH;33960;B;14;Amarela;508;;0
59;CH;78903;C;11;Amarela;508;;0
60;CH;84888;B;15;Amarela;508;;0
61;CH;88233;A;15;Amarela;508;;0
62;CH;86934;D;17;Amarela;508;;0
63;CH;118158;C;6;Amarela;508;;0
64;CH;88306;B;23;Amarela;508;;0
65;CH;88194;E;19;Amarela;508;;0
66;CH;118125;E;21;Amarela;508;;0
67;CH;87057;D;20;Amarela;508;;0
68;CH;85139;B;24;Amarela;508;;0
69;CH;118029;B;5;Amarela;508;;0
70;CH;118024;E;4;Amarela;508;;0
71;CH;97013;A;24;Amarela;508;;0
72;CH;11601;D;15;Amarela;508;;0
73;CH;89147;B;18;Amarela;508;;0
74;CH;96596;B;7;Amarela;508;;0
75;CH;84147;A;25;Amarela;508;;0
76;CH;95648;C;8;Amarela;508;;0
77;CH;118038;D;26;Amarela;508;;0
78;CH;76955;B;27;Amarela;508;;0
79;CH;111894;B;27;Amarela;508;;0
80;CH;118054;A;28;Amarela;508;;0
81;CH;118067;C;29;Amarela;508;;0
82;CH;66498;C;30;Amarela;508;;0
83;CH;88308;C;3;Amarela;508;;0
84;CH;87709;C;3;Amarela;508;;0
85;CH;112135;A;27;Amarela;508;;0
86;CH;81689;D;23;Amarela;508;;0
87;CH;97975;A;1;Amarela;508;;0
88;CH;118108;C;22;Amarela;508;;0
89;CH;66219;A;1;Amarela;508;;0
90;CH;111877;C;10;Amarela;508;;0
46;CH;97975;A;1;Branca;509;;0
47;CH;118108;C;22;Branca;509;;0
48;CH;66219;A;1;Branca;509;;0
49;CH;111877;C;10;Branca;509;;0
50;CH;118022;E;26;Branca;509;;0
51;CH;111844;E;11;Branca;509;;0
52;CH;33960;B;14;Branca;509;;0
53;CH;78903;C;11;Branca;509;;0
54;CH;86751;C;23;Branca;509;;0
55;CH;83820;B;12;Branca;509;;0
56;CH;77940;A;16;Branca;509;;0
57;CH;118034;B;9;Branca;509;;0
58;CH;84811;A;2;Branca;509;;0
59;CH;96447;D;20;Branca;509;;0
60;CH;96302;B;7;Branca;509;;0
61;CH;111820;B;5;Branca;509;;0
62;CH;96596;B;7;Branca;509;;0
63;CH;84147;A;25;Branca;509;;0
64;CH;95648;C;8;Branca;509;;0
65;CH;118038;D;26;Branca;509;;0
66;CH;76955;B;27;Branca;509;;0
67;CH;111894;B;27;Branca;509;;0
68;CH;118054;A;28;Branca;509;;0
69;CH;118067;C;29;Branca;509;;0
70;CH;66498;C;30;Branca;509;;0
71;CH;88308;C;3;Branca;509;;0
72;CH;87709;C;3;Branca;509;;0
73;CH;112135;A;27;Branca;509;;0
74;CH;81689;D;23;Branca;509;;0
75;CH;118033;C;6;Branca;509;;0
76;CH;84769;E;11;Branca;509;;0
77;CH;84888;B;15;Branca;509;;0
78;CH;88233;A;15;Branca;509;;0
79;CH;86934;D;17;Branca;509;;0
80;CH;118158;C;6;Branca;509;;0
81;CH;88306;B;23;Branca;509;;0
82;CH;88194;E;19;Branca;509;;0
83;CH;118125;E;21;Branca;509;;0
84;CH;87057;D;20;Branca;509;;0
85;CH;85139;B;24;Branca;509;;0
86;CH;118029;B;5;Branca;509;;0
87;CH;118024;E;4;Branca;509;;0
88;CH;97013;A;24;Branca;509;;0
89;CH;11601;D;15;Branca;509;;0
90;CH;89147;B;18;Branca;509;;0
46;CH;118022;E;26;Rosa;510;;0
47;CH;111844;E;11;Rosa;510;;0
48;CH;33960;B;14;Rosa;510;;0
49;CH;78903;C;11;Rosa;510;;0
50;CH;88194;E;19;Rosa;510;;0
51;CH;118125;E;21;Rosa;510;;0
52;CH;87057;D;20;Rosa;510;;0
53;CH;85139;B;24;Rosa;510;;0
54;CH;84811;A;2;Rosa;510;;0
55;CH;96447;D;20;Rosa;510;;0
56;CH;96302;B;7;Rosa;510;;0
57;CH;111820;B;5;Rosa;510;;0
58;CH;86751;C;23;Rosa;510;;0
59;CH;83820;B;12;Rosa;510;;0
60;CH;77940;A;16;Rosa;510;;0
61;CH;118034;B;9;Rosa;510;;0
62;CH;88308;C;3;Rosa;510;;0
63;CH;87709;C;3;Rosa;510;;0
64;CH;112135;A;27;Rosa;510;;0
65;CH;81689;D;23;Rosa;510;;0
66;CH;118033;C;6;Rosa;510;;0
67;CH;84769;E;11;Rosa;510;;0
68;CH;96596;B;7;Rosa;510;;0
69;CH;84147;A;25;Rosa;510;;0
70;CH;95648;C;8;Rosa;510;;0
71;CH;118038;D;26;Rosa;510;;0
72;CH;76955;B;27;Rosa;510;;0
73;CH;111894;B;27;Rosa;510;;0
74;CH;118054;A;28;Rosa;510;;0
75;CH;118067;C;29;Rosa;510;;0
76;CH;66498;C;30;Rosa;510;;0
77;CH;97975;A;1;Rosa;510;;0
78;CH;118108;C;22;Rosa;510;;0
79;CH;66219;A;1;Rosa;510;;0
80;CH;111877;C;10;Rosa;510;;0
81;CH;118029;B;5;Rosa;510;;0
82;CH;118024;E;4;Rosa;510;;0
83;CH;97013;A;24;Rosa;510;;0
84;CH;11601;D;15;Rosa;510;;0
85;CH;89147;B;18;Rosa;510;;0
86;CH;84888;B;15;Rosa;510;;0
87;CH;88233;A;15;Rosa;510;;0
88;CH;86934;D;17;Rosa;510;;0
89;CH;118158;C;6;Rosa;510;;0
90;CH;88306;B;23;Rosa;510;;0
46;CH;86751;C;23;Laranja;520;;0
47;CH;83820;B;12;Laranja;520;;0
48;CH;77940;A;16;Laranja;520;;0
49;CH;118034;B;9;Laranja;520;;0
50;CH;84811;A;2;Laranja;520;;0
51;CH;96447;D;20;Laranja;520;;0
52;CH;96302;B;7;Laranja;520;;0
53;CH;111820;B;5;Laranja;520;;0
54;CH;118033;C;6;Laranja;520;;0
55;CH;84769;E;11;Laranja;520;;0
56;CH;118022;E;26;Laranja;520;;0
57;CH;111844;E;11;Laranja;520;;0
58;CH;33960;B;14;Laranja;520;;0
59;CH;78903;C;11;Laranja;520;;0
60;CH;84888;B;15;Laranja;520;;0
61;CH;88233;A;15;Laranja;520;;0
62;CH;86934;D;17;Laranja;520;;0
63;CH;118158;C;6;Laranja;520;;0
64;CH;88306;B;23;Laranja;520;;0
65;CH;88194;E;19;Laranja;520;;0
66;CH;118125;E;21;Laranja;520;;0
67;CH;87057;D;20;Laranja;520;;0
68;CH;85139;B;24;Laranja;520;;0
69;CH;118029;B;5;Laranja;520;;0
70;CH;118024;E;4;Laranja;520;;0
71;CH;97013;A;24;Laranja;520;;0
72;CH;11601;D;15;Laranja;520;;0
73;CH;89147;B;18;Laranja;520;;0
74;CH;96596;B;7;Laranja;520;;0
75;CH;84147;A;25;Laranja;520;;0
76;CH;95648;C;8;Laranja;520;;0
77;CH;118038;D;26;Laranja;520;;0
78;CH;76955;B;27;Laranja;520;;0
79;CH;111894;B;27;Laranja;520;;0
80;CH;118054;A;28;Laranja;520;;0
81;CH;118067;C;29;Laranja;520;;0
82;CH;66498;C;30;Laranja;520;;0
83;CH;88308;C;3;Laranja;520;;0
84;CH;87709;C;3;Laranja;520;;0
85;CH;112135;A;27;Laranja;520;;0
86;CH;81689;D;23;Laranja;520;;0
87;CH;97975;A;1;Laranja;520;;0
88;CH;118108;C;22;Laranja;520;;0
89;CH;66219;A;1;Laranja;520;;0
90;CH;111877;C;10;Laranja;520;;0
46;CH;86751;C;23;Verde;524;;1
47;CH;83820;B;12;Verde;524;;1
48;CH;77940;A;16;Verde;524;;1
49;CH;118034;B;9;Verde;524;;1
50;CH;84811;A;2;Verde;524;;1
51;CH;96447;D;20;Verde;524;;1
52;CH;96302;B;7;Verde;524;;1
53;CH;111820;B;5;Verde;524;;1
54;CH;118033;C;6;Verde;524;;1
55;CH;84769;E;11;Verde;524;;1
56;CH;118022;E;26;Verde;524;;1
57;CH;111844;E;11;Verde;524;;1
58;CH;33960;B;14;Verde;524;;1
59;CH;78903;C;11;Verde;524;;1
60;CH;84888;B;15;Verde;524;;1
61;CH;88233;A;15;Verde;524;;1
62;CH;86934;D;17;Verde;524;;1
63;CH;118158;C;6;Verde;524;;1
64;CH;88306;B;23;Verde;524;;1
65;CH;88194;E;19;Verde;524;;1
66;CH;118125;E;21;Verde;524;;1
67;CH;87057;D;20;Verde;524;;1
68;CH;85139;B;24;Verde;524;;1
69;CH;118029;B;5;Verde;524;;1
70;CH;118024;E;4;Verde;524;;1
71;CH;97013;A;24;Verde;524;;1
72;CH;11601;D;15;Verde;524;;1
73;CH;89147;B;18;Verde;524;;1
74;CH;96596;B;7;Verde;524;;1
75;CH;84147;A;25;Verde;524;;1
76;CH;95648;C;8;Verde;524;;1
77;CH;118038;D;26;Verde;524;;1
78;CH;76955;B;27;Verde;524;;1
79;CH;111894;B;27;Verde;524;;1
80;CH;118054;A;28;Verde;524;;1
81;CH;118067;C;29;Verde;524;;1
82;CH;66498;C;30;Verde;524;;1
83;CH;88308;C;3;Verde;524;;1
84;CH;87709;C;3;Verde;524;;1
85;CH;112135;A;27;Verde;524;;1
86;CH;81689;D;23;Verde;524;;1
87;CH;97975;A;1;Verde;524;;1
88;CH;118108;C;22;Verde;524;;1
89;CH;66219;A;1;Verde;524;;1
90;CH;111877;C;10;Verde;524;;1
46;CH;96407;A;1;Azul;547;;0
47;CH;88345;B;2;Azul;547;;0
48;CH;84148;A;2;Azul;547;;0
49;CH;52963;E;2;Azul;547;;0
50;CH;97136;E;3;Azul;547;;0
51;CH;87041;D;4;Azul;547;;0
52;CH;41002;E;12;Azul;547;;0
53;CH;87503;E;4;Azul;547;;0
54;CH;86941;E;5;Azul;547;;0
55;CH;47296;B;5;Azul;547;;0
56;CH;89651;A;1;Azul;547;;0
57;CH;78941;A;7;Azul;547;;0
58;CH;76428;E;6;Azul;547;;0
59;CH;85847;A;8;Azul;547;;0
60;CH;43248;B;7;Azul;547;;0
61;CH;96418;D;8;Azul;547;;0
62;CH;78148;D;9;Azul;547;;0
63;CH;97221;C;8;Azul;547;;0
64;CH;87749;A;11;Azul;547;;0
65;CH;95413;C;11;Azul;547;;0
66;CH;95246;B;11;Azul;547;;0
67;CH;87217;E;13;Azul;547;;0
68;CH;78592;A;14;Azul;547;;0
69;CH;86991;C;15;Azul;547;;0
70;CH;88489;E;15;Azul;547;;0
71;CH;16894;B;15;Azul;547;;0
72;CH;40836;D;16;Azul;547;;0
73;CH;83812;E;23;Azul;547;;0
74;CH;84206;E;17;Azul;547;;0
75;CH;83842;C;17;Azul;547;;0
76;CH;45145;E;18;Azul;547;;0
77;CH;85120;D;19;Azul;547;;0
78;CH;98137;B;20;Azul;547;;0
79;CH;87053;D;21;Azul;547;;0
80;CH;26453;B;22;Azul;547;;0
81;CH;81818;C;23;Azul;547;;0
82;CH;97931;A;23;Azul;547;;0
83;CH;87089;B;24;Azul;547;;0
84;CH;78677;C;26;Azul;547;;0
85;CH;50201;E;28;Azul;547;;0
86;CH;96361;C;29;Azul;547;;0
87;CH;88078;A;26;Azul;547;;0
88;CH;95831;C;30;Azul;547;;0
89;CH;95951;B;27;Azul;547;;0
90;CH;45168;B;12;Azul;547;;0
46;CH;96361;C;29;Amarela;548;;0
47;CH;88078;A;26;Amarela;548;;0
48;CH;95831;C;30;Amarela;548;;0
49;CH;95951;B;27;Amarela;548;;0
50;CH;45168;B;12;Amarela;548;;0
51;CH;81818;C;23;Amarela;548;;0
52;CH;97931;A;23;Amarela;548;;0
53;CH;87089;B;24;Amarela;548;;0
54;CH;78677;C;26;Amarela;548;;0
55;CH;50201;E;28;Amarela;548;;0
56;CH;45145;E;18;Amarela;548;;0
57;CH;85120;D;19;Amarela;548;;0
58;CH;98137;B;20;Amarela;548;;0
59;CH;87053;D;21;Amarela;548;;0
60;CH;26453;B;22;Amarela;548;;0
61;CH;40836;D;16;Amarela;548;;0
62;CH;83812;E;23;Amarela;548;;0
63;CH;84206;E;17;Amarela;548;;0
64;CH;83842;C;17;Amarela;548;;0
65;CH;78592;A;14;Amarela;548;;0
66;CH;86991;C;15;Amarela;548;;0
67;CH;88489;E;15;Amarela;548;;0
68;CH;16894;B;15;Amarela;548;;0
69;CH;87749;A;11;Amarela;548;;0
70;CH;95413;C;11;Amarela;548;;0
71;CH;95246;B;11;Amarela;548;;0
72;CH;87217;E;13;Amarela;548;;0
73;CH;43248;B;7;Amarela;548;;0
74;CH;96418;D;8;Amarela;548;;0
75;CH;78148;D;9;Amarela;548;;0
76;CH;97221;C;8;Amarela;548;;0
77;CH;76428;E;6;Amarela;548;;0
78;CH;85847;A;8;Amarela;548;;0
79;CH;86941;E;5;Amarela;548;;0
80;CH;47296;B;5;Amarela;548;;0
81;CH;89651;A;1;Amarela;548;;0
82;CH;78941;A;7;Amarela;548;;0
83;CH;97136;E;3;Amarela;548;;0
84;CH;87041;D;4;Amarela;548;;0
85;CH;41002;E;12;Amarela;548;;0
86;CH;87503;E;4;Amarela;548;;0
87;CH;96407;A;1;Amarela;548;;0
88;CH;88345;B;2;Amarela;548;;0
89;CH;84148;A;2;Amarela;548;;0
90;CH;52963;E;2;Amarela;548;;0
46;CH;76428;E;6;Branca;549;;0
47;CH;85847;A;8;Branca;549;;0
48;CH;87749;A;11;Branca;549;;0
49;CH;95413;C;11;Branca;549;;0
50;CH;95246;B;11;Branca;549;;0
51;CH;87217;E;13;Branca;549;;0
52;CH;43248;B;7;Branca;549;;0
53;CH;96418;D;8;Branca;549;;0
54;CH;78148;D;9;Branca;549;;0
55;CH;97221;C;8;Branca;549;;0
56;CH;78592;A;14;Branca;549;;0
57;CH;86991;C;15;Branca;549;;0
58;CH;88489;E;15;Branca;549;;0
59;CH;16894;B;15;Branca;549;;0
60;CH;96407;A;1;Branca;549;;0
61;CH;88345;B;2;Branca;549;;0
62;CH;84148;A;2;Branca;549;;0
63;CH;52963;E;2;Branca;549;;0
64;CH;86941;E;5;Branca;549;;0
65;CH;47296;B;5;Branca;549;;0
66;CH;89651;A;1;Branca;549;;0
67;CH;78941;A;7;Branca;549;;0
68;CH;97136;E;3;Branca;549;;0
69;CH;87041;D;4;Branca;549;;0
70;CH;41002;E;12;Branca;549;;0
71;CH;87503;E;4;Branca;549;;0
72;CH;96361;C;29;Branca;549;;0
73;CH;88078;A;26;Branca;549;;0
74;CH;95831;C;30;Branca;549;;0
75;CH;95951;B;27;Branca;549;;0
76;CH;45168;B;12;Branca;549;;0
77;CH;81818;C;23;Branca;549;;0
78;CH;97931;A;23;Branca;549;;0
79;CH;87089;B;24;Branca;549;;0
80;CH;78677;C;26;Branca;549;;0
81;CH;50201;E;28;Branca;549;;0
82;CH;45145;E;18;Branca;549;;0
83;CH;85120;D;19;Branca;549;;0
84;CH;98137;B;20;Branca;549;;0
85;CH;87053;D;21;Branca;549;;0
86;CH;26453;B;22;Branca;549;;0
87;CH;40836;D;16;Branca;549;;0
88;CH;83812;E;23;Branca;549;;0
89;CH;84206;E;17;Branca;549;;0
90;CH;83842;C;17;Branca;549;;0
46;CH;86941;E;5;Rosa;550;;0
47;CH;47296;B;5;Rosa;550;;0
48;CH;89651;A;1;Rosa;550;;0
49;CH;78941;A;7;Rosa;550;;0
50;CH;45145;E;18;Rosa;550;;0
51;CH;85120;D;19;Rosa;550;;0
52;CH;98137;B;20;Rosa;550;;0
53;CH;87053;D;21;Rosa;550;;0
54;CH;26453;B;22;Rosa;550;;0
55;CH;40836;D;16;Rosa;550;;0
56;CH;83812;E;23;Rosa;550;;0
57;CH;84206;E;17;Rosa;550;;0
58;CH;83842;C;17;Rosa;550;;0
59;CH;96361;C;29;Rosa;550;;0
60;CH;88078;A;26;Rosa;550;;0
61;CH;95831;C;30;Rosa;550;;0
62;CH;95951;B;27;Rosa;550;;0
63;CH;45168;B;12;Rosa;550;;0
64;CH;76428;E;6;Rosa;550;;0
65;CH;85847;A;8;Rosa;550;;0
66;CH;81818;C;23;Rosa;550;;0
67;CH;97931;A;23;Rosa;550;;0
68;CH;87089;B;24;Rosa;550;;0
69;CH;78677;C;26;Rosa;550;;0
70;CH;50201;E;28;Rosa;550;;0
71;CH;97136;E;3;Rosa;550;;0
72;CH;87041;D;4;Rosa;550;;0
73;CH;41002;E;12;Rosa;550;;0
74;CH;87503;E;4;Rosa;550;;0
75;CH;96407;A;1;Rosa;550;;0
76;CH;88345;B;2;Rosa;550;;0
77;CH;84148;A;2;Rosa;550;;0
78;CH;52963;E;2;Rosa;550;;0
79;CH;78592;A;14;Rosa;550;;0
80;CH;86991;C;15;Rosa;550;;0
81;CH;88489;E;15;Rosa;550;;0
82;CH;16894;B;15;Rosa;550;;0
83;CH;87749;A;11;Rosa;550;;0
84;CH;95413;C;11;Rosa;550;;0
85;CH;95246;B;11;Rosa;550;;0
86;CH;87217;E;13;Rosa;550;;0
87;CH;43248;B;7;Rosa;550;;0
88;CH;96418;D;8;Rosa;550;;0
89;CH;78148;D;9;Rosa;550;;0
90;CH;97221;C;8;Rosa;550;;0
46;CH;96407;A;1;Laranja;564;;0
47;CH;88345;B;2;Laranja;564;;0
48;CH;84148;A;2;Laranja;564;;0
49;CH;52963;E;2;Laranja;564;;0
50;CH;97136;E;3;Laranja;564;;0
51;CH;87041;D;4;Laranja;564;;0
52;CH;41002;E;12;Laranja;564;;0
53;CH;87503;E;4;Laranja;564;;0
54;CH;86941;E;5;Laranja;564;;0
55;CH;47296;B;5;Laranja;564;;0
56;CH;89651;A;1;Laranja;564;;0
57;CH;78941;A;7;Laranja;564;;0
58;CH;76428;E;6;Laranja;564;;0
59;CH;85847;A;8;Laranja;564;;0
60;CH;43248;B;7;Laranja;564;;0
61;CH;96418;D;8;Laranja;564;;0
62;CH;78148;D;9;Laranja;564;;0
63;CH;97221;C;8;Laranja;564;;0
64;CH;87749;A;11;Laranja;564;;0
65;CH;95413;C;11;Laranja;564;;0
66;CH;95246;B;11;Laranja;564;;0
67;CH;87217;E;13;Laranja;564;;0
68;CH;78592;A;14;Laranja;564;;0
69;CH;86991;C;15;Laranja;564;;0
70;CH;88489;E;15;Laranja;564;;0
71;CH;16894;B;15;Laranja;564;;0
72;CH;40836;D;16;Laranja;564;;0
73;CH;83812;E;23;Laranja;564;;0
74;CH;84206;E;17;Laranja;564;;0
75;CH;83842;C;17;Laranja;564;;0
76;CH;45145;E;18;Laranja;564;;0
77;CH;85120;D;19;Laranja;564;;0
78;CH;98137;B;20;Laranja;564;;0
79;CH;87053;D;21;Laranja;564;;0
80;CH;26453;B;22;Laranja;564;;0
81;CH;81818;C;23;Laranja;564;;0
82;CH;97931;A;23;Laranja;564;;0
83;CH;87089;B;24;Laranja;564;;0
84;CH;78677;C;26;Laranja;564;;0
85;CH;50201;E;28;Laranja;564;;0
86;CH;96361;C;29;Laranja;564;;0
87;CH;88078;A;26;Laranja;564;;0
88;CH;95831;C;30;Laranja;564;;0
89;CH;95951;B;27;Laranja;564;;0
90;CH;45168;B;12;Laranja;564;;0
91;CN;82364;A;27;Azul;503;;0
92;CN;117836;A;23;Azul;503;;0
93;CN;29776;E;30;Azul;503;;0
94;CN;117999;C;3;Azul;503;;0
95;CN;117746;A;9;Azul;503;;0
96;CN;86521;C;4;Azul;503;;0
97;CN;31718;D;28;Azul;503;;0
98;CN;89150;E;22;Azul;503;;0
99;CN;117988;A;27;Azul;503;;0
100;CN;7529;D;29;Azul;503;;0
101;CN;88853;C;11;Azul;503;;0
102;CN;117883;B;7;Azul;503;;0
103;CN;82490;C;19;Azul;503;;0
104;CN;111624;D;12;Azul;503;;0
105;CN;82236;D;22;Azul;503;;0
106;CN;83441;D;17;Azul;503;;0
107;CN;19223;B;14;Azul;503;;0
108;CN;78504;C;24;Azul;503;;0
109;CN;7629;B;20;Azul;503;;0
110;CN;14273;D;13;Azul;503;;0
111;CN;97169;A;20;Azul;503;;0
112;CN;49600;D;23;Azul;503;;0
113;CN;96556;A;21;Azul;503;;0
114;CN;39290;E;8;Azul;503;;0
115;CN;89298;A;26;Azul;503;;0
116;CN;55328;B;15;Azul;503;;0
117;CN;89515;C;21;Azul;503;;0
118;CN;117868;E;25;Azul;503;;0
119;CN;117890;B;6;Azul;503;;0
120;CN;54381;A;18;Azul;503;;0
121;CN;117979;B;6;Azul;503;;0
122;CN;83609;E;18;Azul;503;;0
123;CN;60311;E;10;Azul;503;;0
124;CN;81478;B;8;Azul;503;;0
125;CN;83526;C;16;Azul;503;;0
126;CN;111601;B;5;Azul;503;;0
127;CN;111545;E;9;Azul;503;;0
128;CN;19407;E;17;Azul;503;;0
129;CN;89772;C;7;Azul;503;;0
130;CN;24104;E;3;Azul;503;;0
131;CN;111705;B;2;Azul;503;;0
132;CN;117875;D;1;Azul;503;;0
133;CN;117642;A;2;Azul;503;;0
134;CN;85548;D;24;Azul;503;;0
135;CN;84568;C;1;Azul;503;;0
91;CN;111601;B;5;Amarela;504;;0
92;CN;111545;E;9;Amarela;504;;0
93;CN;19407;E;17;Amarela;504;;0
94;CN;82364;A;27;Amarela;504;;0
95;CN;117836;A;23;Amarela;504;;0
96;CN;29776;E;30;Amarela;504;;0
97;CN;117979;B;6;Amarela;504;;0
98;CN;83609;E;18;Amarela;504;;0
99;CN;60311;E;10;Amarela;504;;0
100;CN;117890;B;6;Amarela;504;;0
101;CN;54381;A;18;Amarela;504;;0
102;CN;31718;D;28;Amarela;504;;0
103;CN;89150;E;22;Amarela;504;;0
104;CN;117988;A;27;Amarela;504;;0
105;CN;7529;D;29;Amarela;504;;0
106;CN;14273;D;13;Amarela;504;;0
107;CN;97169;A;20;Amarela;504;;0
108;CN;49600;D;23;Amarela;504;;0
109;CN;96556;A;21;Amarela;504;;0
110;CN;39290;E;8;Amarela;504;;0
111;CN;89298;A;26;Amarela;504;;0
112;CN;55328;B;15;Amarela;504;;0
113;CN;89515;C;21;Amarela;504;;0
114;CN;117868;E;25;Amarela;504;;0
115;CN;111624;D;12;Amarela;504;;0
116;CN;82236;D;22;Amarela;504;;0
117;CN;83441;D;17;Amarela;504;;0
118;CN;19223;B;14;Amarela;504;;0
119;CN;78504;C;24;Amarela;504;;0
120;CN;7629;B;20;Amarela;504;;0
121;CN;88853;C;11;Amarela;504;;0
122;CN;117883;B;7;Amarela;504;;0
123;CN;82490;C;19;Amarela;504;;0
124;CN;117999;C;3;Amarela;504;;0
125;CN;117746;A;9;Amarela;504;;0
126;CN;86521;C;4;Amarela;504;;0
127;CN;81478;B;8;Amarela;504;;0
128;CN;83526;C;16;Amarela;504;;0
129;CN;117875;D;1;Amarela;504;;0
130;CN;117642;A;2;Amarela;504;;0
131;CN;85548;D;24;Amarela;504;;0
132;CN;84568;C;1;Amarela;504;;0
133;CN;89772;C;7;Amarela;504;;0
134;CN;24104;E;3;Amarela;504;;0
135;CN;111705;B;2;Amarela;504;;0
91;CN;117875;D;1;Cinza;505;;0
92;CN;117642;A;2;Cinza;505;;0
93;CN;85548;D;24;Cinza;505;;0
94;CN;84568;C;1;Cinza;505;;0
95;CN;89772;C;7;Cinza;505;;0
96;CN;24104;E;3;Cinza;505;;0
97;CN;111705;B;2;Cinza;505;;0
98;CN;81478;B;8;Cinza;505;;0
99;CN;83526;C;16;Cinza;505;;0
100;CN;117999;C;3;Cinza;505;;0
101;CN;117746;A;9;Cinza;505;;0
102;CN;86521;C;4;Cinza;505;;0
103;CN;111601;B;5;Cinza;505;;0
104;CN;111545;E;9;Cinza;505;;0
105;CN;19407;E;17;Cinza;505;;0
106;CN;117979;B;6;Cinza;505;;0
107;CN;83609;E;18;Cinza;505;;0
108;CN;60311;E;10;Cinza;505;;0
109;CN;117890;B;6;Cinza;505;;0
110;CN;54381;A;18;Cinza;505;;0
111;CN;88853;C;11;Cinza;505;;0
112;CN;117883;B;7;Cinza;505;;0
113;CN;82490;C;19;Cinza;505;;0
114;CN;111624;D;12;Cinza;505;;0
115;CN;82236;D;22;Cinza;505;;0
116;CN;83441;D;17;Cinza;505;;0
117;CN;14273;D;13;Cinza;505;;0
118;CN;97169;A;20;Cinza;505;;0
119;CN;49600;D;23;Cinza;505;;0
120;CN;19223;B;14;Cinza;505;;0
121;CN;78504;C;24;Cinza;505;;0
122;CN;7629;B;20;Cinza;505;;0
123;CN;55328;B;15;Cinza;505;;0
124;CN;89515;C;21;Cinza;505;;0
125;CN;117868;E;25;Cinza;505;;0
126;CN;96556;A;21;Cinza;505;;0
127;CN;39290;E;8;Cinza;505;;0
128;CN;89298;A;26;Cinza;505;;0
129;CN;31718;D;28;Cinza;505;;0
130;CN;89150;E;22;Cinza;505;;0
131;CN;117988;A;27;Cinza;505;;0
132;CN;7529;D;29;Cinza;505;;0
133;CN;82364;A;27;Cinza;505;;0
134;CN;117836;A;23;Cinza;505;;0
135;CN;29776;E;30;Cinza;505;;0
91;CN;31718;D;28;Rosa;506;;0
92;CN;89150;E;22;Rosa;506;;0
93;CN;117988;A;27;Rosa;506;;0
94;CN;7529;D;29;Rosa;506;;0
95;CN;117890;B;6;Rosa;506;;0
96;CN;54381;A;18;Rosa;506;;0
97;CN;82364;A;27;Rosa;506;;0
98;CN;117836;A;23;Rosa;506;;0
99;CN;29776;E;30;Rosa;506;;0
100;CN;111601;B;5;Rosa;506;;0
101;CN;111545;E;9;Rosa;506;;0
102;CN;19407;E;17;Rosa;506;;0
103;CN;89772;C;7;Rosa;506;;0
104;CN;24104;E;3;Rosa;506;;0
105;CN;111705;B;2;Rosa;506;;0
106;CN;88853;C;11;Rosa;506;;0
107;CN;117883;B;7;Rosa;506;;0
108;CN;82490;C;19;Rosa;506;;0
109;CN;19223;B;14;Rosa;506;;0
110;CN;78504;C;24;Rosa;506;;0
111;CN;7629;B;20;Rosa;506;;0
112;CN;14273;D;13;Rosa;506;;0
113;CN;97169;A;20;Rosa;506;;0
114;CN;49600;D;23;Rosa;506;;0
115;CN;96556;A;21;Rosa;506;;0
116;CN;39290;E;8;Rosa;506;;0
117;CN;89298;A;26;Rosa;506;;0
118;CN;55328;B;15;Rosa;506;;0
119;CN;89515;C;21;Rosa;506;;0
120;CN;117868;E;25;Rosa;506;;0
121;CN;111624;D;12;Rosa;506;;0
122;CN;82236;D;22;Rosa;506;;0
123;CN;83441;D;17;Rosa;506;;0
124;CN;117875;D;1;Rosa;506;;0
125;CN;117642;A;2;Rosa;506;;0
126;CN;85548;D;24;Rosa;506;;0
127;CN;84568;C;1;Rosa;506;;0
128;CN;117979;B;6;Rosa;506;;0
129;CN;83609;E;18;Rosa;506;;0
130;CN;60311;E;10;Rosa;506;;0
131;CN;117999;C;3;Rosa;506;;0
132;CN;117746;A;9;Rosa;506;;0
133;CN;86521;C;4;Rosa;506;;0
134;CN;81478;B;8;Rosa;506;;0
135;CN;83526;C;16;Rosa;506;;0
91;CN;117875;D;1;Laranja;519;;0
92;CN;117642;A;2;Laranja;519;;0
93;CN;85548;D;24;Laranja;519;;0
94;CN;84568;C;1;Laranja;519;;0
95;CN;89772;C;7;Laranja;519;;0
96;CN;24104;E;3;Laranja;519;;0
97;CN;111705;B;2;Laranja;519;;0
98;CN;81478;B;8;Laranja;519;;0
99;CN;83526;C;16;Laranja;519;;0
100;CN;117999;C;3;Laranja;519;;0
101;CN;117746;A;9;Laranja;519;;0
102;CN;86521;C;4;Laranja;519;;0
103;CN;111601;B;5;Laranja;519;;0
104;CN;111545;E;9;Laranja;519;;0
105;CN;19407;E;17;Laranja;519;;0
106;CN;117979;B;6;Laranja;519;;0
107;CN;83609;E;18;Laranja;519;;0
108;CN;60311;E;10;Laranja;519;;0
109;CN;117890;B;6;Laranja;519;;0
110;CN;85321;A;23;Laranja;519;;0
111;CN;88853;C;11;Laranja;519;;0
112;CN;117883;B;7;Laranja;519;;0
113;CN;82490;C;19;Laranja;519;;0
114;CN;111624;D;12;Laranja;519;;0
115;CN;82236;D;22;Laranja;519;;0
116;CN;83441;D;17;Laranja;519;;0
117;CN;14273;D;13;Laranja;519;;0
118;CN;97169;A;20;Laranja;519;;0
119;CN;49600;D;23;Laranja;519;;0
120;CN;19223;B;14;Laranja;519;;0
121;CN;78504;C;24;Laranja;519;;0
122;CN;7629;B;20;Laranja;519;;0
123;CN;15980;B;28;Laranja;519;;0
124;CN;89515;C;21;Laranja;519;;0
125;CN;117868;E;25;Laranja;519;;0
126;CN;96556;A;21;Laranja;519;;0
127;CN;39290;E;8;Laranja;519;;0
128;CN;89298;A;26;Laranja;519;;0
129;CN;31718;D;28;Laranja;519;;0
130;CN;89150;E;22;Laranja;519;;0
131;CN;117988;A;27;Laranja;519;;0
132;CN;7529;D;29;Laranja;519;;0
133;CN;82364;A;27;Laranja;519;;0
134;CN;117836;A;23;Laranja;519;;0
135;CN;29776;E;30;Laranja;519;;0
91;CN;117875;D;1;Verde;523;;1
92;CN;117642;A;2;Verde;523;;1
93;CN;85548;D;24;Verde;523;;1
94;CN;84568;C;1;Verde;523;;1
95;CN;89772;C;7;Verde;523;;1
96;CN;24104;E;3;Verde;523;;1
97;CN;111705;B;2;Verde;523;;1
98;CN;81478;B;8;Verde;523;;1
99;CN;83526;C;16;Verde;523;;1
100;CN;117999;C;3;Verde;523;;1
101;CN;117746;A;9;Verde;523;;1
102;CN;86521;C;4;Verde;523;;1
103;CN;111601;B;5;Verde;523;;1
104;CN;111545;E;9;Verde;523;;1
105;CN;19407;E;17;Verde;523;;1
106;CN;117979;B;6;Verde;523;;1
107;CN;83609;E;18;Verde;523;;1
108;CN;60311;E;10;Verde;523;;1
109;CN;117890;B;6;Verde;523;;1
110;CN;54381;A;18;Verde;523;;1
111;CN;88853;C;11;Verde;523;;1
112;CN;117883;B;7;Verde;523;;1
113;CN;82490;C;19;Verde;523;;1
114;CN;111624;D;12;Verde;523;;1
115;CN;82236;D;22;Verde;523;;1
116;CN;83441;D;17;Verde;523;;1
117;CN;14273;D;13;Verde;523;;1
118;CN;97169;A;20;Verde;523;;1
119;CN;49600;D;23;Verde;523;;1
120;CN;19223;B;14;Verde;523;;1
121;CN;78504;C;24;Verde;523;;1
122;CN;7629;B;20;Verde;523;;1
123;CN;55328;B;15;Verde;523;;1
124;CN;89515;C;21;Verde;523;;1
125;CN;117868;E;25;Verde;523;;1
126;CN;96556;A;21;Verde;523;;1
127;CN;39290;E;8;Verde;523;;1
128;CN;89298;A;26;Verde;523;;1
129;CN;31718;D;28;Verde;523;;1
130;CN;89150;E;22;Verde;523;;1
131;CN;117988;A;27;Verde;523;;1
132;CN;7529;D;29;Verde;523;;1
133;CN;82364;A;27;Verde;523;;1
134;CN;117836;A;23;Verde;523;;1
135;CN;29776;E;30;Verde;523;;1
91;CN;32818;C;2;Amarela;543;;0
92;CN;95247;A;3;Amarela;543;;0
93;CN;96533;A;2;Amarela;543;;0
94;CN;29475;D;3;Amarela;543;;0
95;CN;83267;A;7;Amarela;543;;0
96;CN;87672;E;4;Amarela;543;;0
97;CN;17094;E;8;Amarela;543;;0
98;CN;16089;D;7;Amarela;543;;0
99;CN;88674;B;9;Amarela;543;;0
100;CN;89925;C;17;Amarela;543;;0
101;CN;77664;E;10;Amarela;543;;0
102;CN;86894;C;11;Amarela;543;;0
103;CN;97891;B;20;Amarela;543;;0
104;CN;97997;D;18;Amarela;543;;0
105;CN;97529;D;12;Amarela;543;;0
106;CN;61016;C;18;Amarela;543;;0
107;CN;97322;B;20;Amarela;543;;0
108;CN;97450;A;13;Amarela;543;;0
109;CN;35665;C;20;Amarela;543;;0
110;CN;39840;C;19;Amarela;543;;0
111;CN;39654;A;14;Amarela;543;;0
112;CN;83288;A;8;Amarela;543;;0
113;CN;30492;D;22;Amarela;543;;0
114;CN;10529;D;14;Amarela;543;;0
115;CN;95644;D;21;Amarela;543;;0
116;CN;97473;E;24;Amarela;543;;0
117;CN;96239;B;15;Amarela;543;;0
118;CN;96686;E;5;Amarela;543;;0
119;CN;60066;C;25;Amarela;543;;0
120;CN;42605;B;6;Amarela;543;;0
121;CN;85830;C;16;Amarela;543;;0
122;CN;97805;B;25;Amarela;543;;0
123;CN;32764;C;23;Amarela;543;;0
124;CN;84577;E;19;Amarela;543;;0
125;CN;85351;C;26;Amarela;543;;0
126;CN;41113;A;28;Amarela;543;;0
127;CN;8639;E;15;Amarela;543;;0
128;CN;32800;C;27;Amarela;543;;0
129;CN;10469;E;28;Amarela;543;;0
130;CN;43415;D;17;Amarela;543;;0
131;CN;27903;D;27;Amarela;543;;0
132;CN;85422;A;1;Amarela;543;;0
133;CN;41401;E;26;Amarela;543;;0
134;CN;26172;D;29;Amarela;543;;0
135;CN;85112;E;30;Amarela;543;;0
91;CN;27903;D;27;Cinza;544;;0
92;CN;85422;A;1;Cinza;544;;0
93;CN;41401;E;26;Cinza;544;;0
94;CN;26172;D;29;Cinza;544;;0
95;CN;85112;E;30;Cinza;544;;0
96;CN;8639;E;15;Cinza;544;;0
97;CN;32800;C;27;Cinza;544;;0
98;CN;10469;E;28;Cinza;544;;0
99;CN;43415;D;17;Cinza;544;;0
100;CN;32764;C;23;Cinza;544;;0
101;CN;84577;E;19;Cinza;544;;0
102;CN;85351;C;26;Cinza;544;;0
103;CN;41113;A;28;Cinza;544;;0
104;CN;60066;C;25;Cinza;544;;0
105;CN;42605;B;6;Cinza;544;;0
106;CN;85830;C;16;Cinza;544;;0
107;CN;97805;B;25;Cinza;544;;0
108;CN;97473;E;24;Cinza;544;;0
109;CN;96239;B;15;Cinza;544;;0
110;CN;96686;E;5;Cinza;544;;0
111;CN;10529;D;14;Cinza;544;;0
112;CN;95644;D;21;Cinza;544;;0
113;CN;39840;C;19;Cinza;544;;0
114;CN;39654;A;14;Cinza;544;;0
115;CN;83288;A;8;Cinza;544;;0
116;CN;30492;D;22;Cinza;544;;0
117;CN;35665;C;20;Cinza;544;;0
118;CN;97450;A;13;Cinza;544;;0
119;CN;97529;D;12;Cinza;544;;0
120;CN;61016;C;18;Cinza;544;;0
121;CN;97322;B;20;Cinza;544;;0
122;CN;97891;B;20;Cinza;544;;0
123;CN;97997;D;18;Cinza;544;;0
124;CN;89925;C;17;Cinza;544;;0
125;CN;77664;E;10;Cinza;544;;0
126;CN;86894;C;11;Cinza;544;;0
127;CN;17094;E;8;Cinza;544;;0
128;CN;16089;D;7;Cinza;544;;0
129;CN;88674;B;9;Cinza;544;;0
130;CN;29475;D;3;Cinza;544;;0
131;CN;83267;A;7;Cinza;544;;0
132;CN;87672;E;4;Cinza;544;;0
133;CN;32818;C;2;Cinza;544;;0
134;CN;95247;A;3;Cinza;544;;0
135;CN;96533;A;2;Cinza;544;;0
91;CN;97891;B;20;Azul;545;;0
92;CN;97997;D;18;Azul;545;;0
93;CN;97450;A;13;Azul;545;;0
94;CN;39840;C;19;Azul;545;;0
95;CN;39654;A;14;Azul;545;;0
96;CN;83288;A;8;Azul;545;;0
97;CN;30492;D;22;Azul;545;;0
98;CN;97473;E;24;Azul;545;;0
99;CN;96239;B;15;Azul;545;;0
100;CN;96686;E;5;Azul;545;;0
101;CN;10529;D;14;Azul;545;;0
102;CN;95644;D;21;Azul;545;;0
103;CN;29475;D;3;Azul;545;;0
104;CN;83267;A;7;Azul;545;;0
105;CN;87672;E;4;Azul;545;;0
106;CN;32818;C;2;Azul;545;;0
107;CN;95247;A;3;Azul;545;;0
108;CN;96533;A;2;Azul;545;;0
109;CN;17094;E;8;Azul;545;;0
110;CN;16089;D;7;Azul;545;;0
111;CN;88674;B;9;Azul;545;;0
112;CN;89925;C;17;Azul;545;;0
113;CN;77664;E;10;Azul;545;;0
114;CN;86894;C;11;Azul;545;;0
115;CN;8639;E;15;Azul;545;;0
116;CN;32800;C;27;Azul;545;;0
117;CN;10469;E;28;Azul;545;;0
118;CN;43415;D;17;Azul;545;;0
119;CN;32764;C;23;Azul;545;;0
120;CN;84577;E;19;Azul;545;;0
121;CN;85351;C;26;Azul;545;;0
122;CN;41113;A;28;Azul;545;;0
123;CN;27903;D;27;Azul;545;;0
124;CN;85422;A;1;Azul;545;;0
125;CN;41401;E;26;Azul;545;;0
126;CN;26172;D;29;Azul;545;;0
127;CN;85112;E;30;Azul;545;;0
128;CN;60066;C;25;Azul;545;;0
129;CN;42605;B;6;Azul;545;;0
130;CN;85830;C;16;Azul;545;;0
131;CN;97805;B;25;Azul;545;;0
132;CN;35665;C;20;Azul;545;;0
133;CN;97529;D;12;Azul;545;;0
134;CN;61016;C;18;Azul;545;;0
135;CN;97322;B;20;Azul;545;;0
91;CN;89925;C;17;Rosa;546;;0
92;CN;77664;E;10;Rosa;546;;0
93;CN;86894;C;11;Rosa;546;;0
94;CN;97529;D;12;Rosa;546;;0
95;CN;61016;C;18;Rosa;546;;0
96;CN;97322;B;20;Rosa;546;;0
97;CN;35665;C;20;Rosa;546;;0
98;CN;60066;C;25;Rosa;546;;0
99;CN;42605;B;6;Rosa;546;;0
100;CN;85830;C;16;Rosa;546;;0
101;CN;97805;B;25;Rosa;546;;0
102;CN;27903;D;27;Rosa;546;;0
103;CN;85422;A;1;Rosa;546;;0
104;CN;41401;E;26;Rosa;546;;0
105;CN;26172;D;29;Rosa;546;;0
106;CN;85112;E;30;Rosa;546;;0
107;CN;32764;C;23;Rosa;546;;0
108;CN;84577;E;19;Rosa;546;;0
109;CN;85351;C;26;Rosa;546;;0
110;CN;41113;A;28;Rosa;546;;0
111;CN;8639;E;15;Rosa;546;;0
112;CN;32800;C;27;Rosa;546;;0
113;CN;10469;E;28;Rosa;546;;0
114;CN;43415;D;17;Rosa;546;;0
115;CN;17094;E;8;Rosa;546;;0
116;CN;16089;D;7;Rosa;546;;0
117;CN;88674;B;9;Rosa;546;;0
118;CN;32818;C;2;Rosa;546;;0
119;CN;95247;A;3;Rosa;546;;0
120;CN;96533;A;2;Rosa;546;;0
121;CN;29475;D;3;Rosa;546;;0
122;CN;83267;A;7;Rosa;546;;0
123;CN;87672;E;4;Rosa;546;;0
124;CN;39840;C;19;Rosa;546;;0
125;CN;39654;A;14;Rosa;546;;0
126;CN;83288;A;8;Rosa;546;;0
127;CN;30492;D;22;Rosa;546;;0
128;CN;97473;E;24;Rosa;546;;0
129;CN;96239;B;15;Rosa;546;;0
130;CN;96686;E;5;Rosa;546;;0
131;CN;10529;D;14;Rosa;546;;0
132;CN;95644;D;21;Rosa;546;;0
133;CN;97450;A;13;Rosa;546;;0
134;CN;97891;B;20;Rosa;546;;0
135;CN;97997;D;18;Rosa;546;;0
136;MT;117635;E;6;Azul;515;;0
137;MT;9779;E;21;Azul;515;;0
138;MT;111608;E;5;Azul;515;;0
139;MT;111696;A;15;Azul;515;;0
140;MT;63187;D;1;Azul;515;;0
141;MT;117612;B;17;Azul;515;;0
142;MT;63808;E;9;Azul;515;;0
143;MT;54448;B;20;Azul;515;;0
144;MT;86432;A;1;Azul;515;;0
145;MT;23065;C;14;Azul;515;;0
146;MT;117798;A;26;Azul;515;;0
147;MT;30740;B;12;Azul;515;;0
148;MT;30436;C;12;Azul;515;;0
149;MT;117725;D;24;Azul;515;;0
150;MT;84409;B;23;Azul;515;;0
151;MT;28434;A;16;Azul;515;;0
152;MT;117607;B;16;Azul;515;;0
153;MT;30570;E;3;Azul;515;;0
154;MT;84374;C;21;Azul;515;;0
155;MT;83754;E;2;Azul;515;;0
156;MT;39708;C;3;Azul;515;;0
157;MT;117950;A;7;Azul;515;;0
158;MT;117845;C;11;Azul;515;;0
159;MT;117726;D;30;Azul;515;;0
160;MT;8368;C;28;Azul;515;;0
161;MT;13303;B;27;Azul;515;;0
162;MT;14324;D;10;Azul;515;;0
163;MT;18002;C;4;Azul;515;;0
164;MT;42803;C;13;Azul;515;;0
165;MT;117743;E;19;Azul;515;;0
166;MT;10360;D;8;Azul;515;;0
167;MT;31184;C;29;Azul;515;;0
168;MT;8401;D;19;Azul;515;;0
169;MT;117818;A;9;Azul;515;;0
170;MT;117783;B;14;Azul;515;;0
171;MT;83792;E;2;Azul;515;;0
172;MT;8442;D;25;Azul;515;;0
173;MT;89634;E;28;Azul;515;;0
174;MT;78445;C;26;Azul;515;;0
175;MT;17642;D;8;Azul;515;;0
176;MT;117767;D;18;Azul;515;;0
177;MT;83955;D;21;Azul;515;;0
178;MT;111593;B;25;Azul;515;;0
179;MT;111518;A;20;Azul;515;;0
180;MT;83994;A;4;Azul;515;;0
136;MT;117783;B;14;Amarela;516;;0
137;MT;83792;E;2;Amarela;516;;0
138;MT;8442;D;25;Amarela;516;;0
139;MT;117635;E;6;Amarela;516;;0
140;MT;9779;E;21;Amarela;516;;0
141;MT;111608;E;5;Amarela;516;;0
142;MT;111518;A;20;Amarela;516;;0
143;MT;83994;A;4;Amarela;516;;0
144;MT;63187;D;1;Amarela;516;;0
145;MT;117612;B;17;Amarela;516;;0
146;MT;63808;E;9;Amarela;516;;0
147;MT;54448;B;20;Amarela;516;;0
148;MT;86432;A;1;Amarela;516;;0
149;MT;23065;C;14;Amarela;516;;0
150;MT;117798;A;26;Amarela;516;;0
151;MT;30740;B;12;Amarela;516;;0
152;MT;30436;C;12;Amarela;516;;0
153;MT;117725;D;24;Amarela;516;;0
154;MT;84409;B;23;Amarela;516;;0
155;MT;28434;A;16;Amarela;516;;0
156;MT;117607;B;16;Amarela;516;;0
157;MT;30570;E;3;Amarela;516;;0
158;MT;84374;C;21;Amarela;516;;0
159;MT;83754;E;2;Amarela;516;;0
160;MT;39708;C;3;Amarela;516;;0
161;MT;117950;A;7;Amarela;516;;0
162;MT;117845;C;11;Amarela;516;;0
163;MT;111696;A;15;Amarela;516;;0
164;MT;117726;D;30;Amarela;516;;0
165;MT;8368;C;28;Amarela;516;;0
166;MT;13303;B;27;Amarela;516;;0
167;MT;14324;D;10;Amarela;516;;0
168;MT;18002;C;4;Amarela;516;;0
169;MT;42803;C;13;Amarela;516;;0
170;MT;117743;E;19;Amarela;516;;0
171;MT;10360;D;8;Amarela;516;;0
172;MT;31184;C;29;Amarela;516;;0
173;MT;8401;D;19;Amarela;516;;0
174;MT;117818;A;9;Amarela;516;;0
175;MT;111593;B;25;Amarela;516;;0
176;MT;89634;E;28;Amarela;516;;0
177;MT;78445;C;26;Amarela;516;;0
178;MT;17642;D;8;Amarela;516;;0
179;MT;117767;D;18;Amarela;516;;0
180;MT;83955;D;21;Amarela;516;;0
136;MT;111518;A;20;Rosa;517;;0
137;MT;83994;A;4;Rosa;517;;0
138;MT;17642;D;8;Rosa;517;;0
139;MT;117767;D;18;Rosa;517;;0
140;MT;83955;D;21;Rosa;517;;0
141;MT;111593;B;25;Rosa;517;;0
142;MT;117635;E;6;Rosa;517;;0
143;MT;9779;E;21;Rosa;517;;0
144;MT;111608;E;5;Rosa;517;;0
145;MT;117783;B;14;Rosa;517;;0
146;MT;83792;E;2;Rosa;517;;0
147;MT;8442;D;25;Rosa;517;;0
148;MT;63187;D;1;Rosa;517;;0
149;MT;117612;B;17;Rosa;517;;0
150;MT;63808;E;9;Rosa;517;;0
151;MT;54448;B;20;Rosa;517;;0
152;MT;86432;A;1;Rosa;517;;0
153;MT;23065;C;14;Rosa;517;;0
154;MT;117798;A;26;Rosa;517;;0
155;MT;30740;B;12;Rosa;517;;0
156;MT;30436;C;12;Rosa;517;;0
157;MT;117725;D;24;Rosa;517;;0
158;MT;84409;B;23;Rosa;517;;0
159;MT;28434;A;16;Rosa;517;;0
160;MT;117607;B;16;Rosa;517;;0
161;MT;30570;E;3;Rosa;517;;0
162;MT;84374;C;21;Rosa;517;;0
163;MT;83754;E;2;Rosa;517;;0
164;MT;39708;C;3;Rosa;517;;0
165;MT;117950;A;7;Rosa;517;;0
166;MT;117845;C;11;Rosa;517;;0
167;MT;111696;A;15;Rosa;517;;0
168;MT;89634;E;28;Rosa;517;;0
169;MT;78445;C;26;Rosa;517;;0
170;MT;117726;D;30;Rosa;517;;0
171;MT;8368;C;28;Rosa;517;;0
172;MT;13303;B;27;Rosa;517;;0
173;MT;14324;D;10;Rosa;517;;0
174;MT;18002;C;4;Rosa;517;;0
175;MT;42803;C;13;Rosa;517;;0
176;MT;117743;E;19;Rosa;517;;0
177;MT;10360;D;8;Rosa;517;;0
178;MT;31184;C;29;Rosa;517;;0
179;MT;8401;D;19;Rosa;517;;0
180;MT;117818;A;9;Rosa;517;;0
136;MT;63187;D;1;Cinza;518;;0
137;MT;117612;B;17;Cinza;518;;0
138;MT;63808;E;9;Cinza;518;;0
139;MT;54448;B;20;Cinza;518;;0
140;MT;86432;A;1;Cinza;518;;0
141;MT;23065;C;14;Cinza;518;;0
142;MT;117798;A;26;Cinza;518;;0
143;MT;30740;B;12;Cinza;518;;0
144;MT;30436;C;12;Cinza;518;;0
145;MT;117725;D;24;Cinza;518;;0
146;MT;84409;B;23;Cinza;518;;0
147;MT;28434;A;16;Cinza;518;;0
148;MT;117607;B;16;Cinza;518;;0
149;MT;30570;E;3;Cinza;518;;0
150;MT;84374;C;21;Cinza;518;;0
151;MT;117635;E;6;Cinza;518;;0
152;MT;9779;E;21;Cinza;518;;0
153;MT;111608;E;5;Cinza;518;;0
154;MT;117726;D;30;Cinza;518;;0
155;MT;8368;C;28;Cinza;518;;0
156;MT;13303;B;27;Cinza;518;;0
157;MT;14324;D;10;Cinza;518;;0
158;MT;18002;C;4;Cinza;518;;0
159;MT;42803;C;13;Cinza;518;;0
160;MT;117743;E;19;Cinza;518;;0
161;MT;10360;D;8;Cinza;518;;0
162;MT;31184;C;29;Cinza;518;;0
163;MT;8401;D;19;Cinza;518;;0
164;MT;117818;A;9;Cinza;518;;0
165;MT;117783;B;14;Cinza;518;;0
166;MT;83792;E;2;Cinza;518;;0
167;MT;8442;D;25;Cinza;518;;0
168;MT;111518;A;20;Cinza;518;;0
169;MT;83994;A;4;Cinza;518;;0
170;MT;17642;D;8;Cinza;518;;0
171;MT;117767;D;18;Cinza;518;;0
172;MT;83955;D;21;Cinza;518;;0
173;MT;83754;E;2;Cinza;518;;0
174;MT;39708;C;3;Cinza;518;;0
175;MT;117950;A;7;Cinza;518;;0
176;MT;117845;C;11;Cinza;518;;0
177;MT;111696;A;15;Cinza;518;;0
178;MT;89634;E;28;Cinza;518;;0
179;MT;78445;C;26;Cinza;518;;0
180;MT;111593;B;25;Cinza;518;;0
136;MT;63187;D;1;Laranja;522;;0
137;MT;117612;B;17;Laranja;522;;0
138;MT;63808;E;9;Laranja;522;;0
139;MT;54448;B;20;Laranja;522;;0
140;MT;86432;A;1;Laranja;522;;0
141;MT;23065;C;14;Laranja;522;;0
142;MT;117798;A;26;Laranja;522;;0
143;MT;30740;B;12;Laranja;522;;0
144;MT;30436;C;12;Laranja;522;;0
145;MT;117725;D;24;Laranja;522;;0
146;MT;84409;B;23;Laranja;522;;0
147;MT;28434;A;16;Laranja;522;;0
148;MT;117607;B;16;Laranja;522;;0
149;MT;30570;E;3;Laranja;522;;0
150;MT;84374;C;21;Laranja;522;;0
151;MT;96479;D;1;Laranja;522;;0
152;MT;9779;E;21;Laranja;522;;0
153;MT;111608;E;5;Laranja;522;;0
154;MT;117726;D;30;Laranja;522;;0
155;MT;8368;C;28;Laranja;522;;0
156;MT;13303;B;27;Laranja;522;;0
157;MT;14324;D;10;Laranja;522;;0
158;MT;18002;C;4;Laranja;522;;0
159;MT;42803;C;13;Laranja;522;;0
160;MT;117743;E;19;Laranja;522;;0
161;MT;10360;D;8;Laranja;522;;0
162;MT;31184;C;29;Laranja;522;;0
163;MT;8401;D;19;Laranja;522;;0
164;MT;117818;A;9;Laranja;522;;0
165;MT;117783;B;14;Laranja;522;;0
166;MT;83792;E;2;Laranja;522;;0
167;MT;8442;D;25;Laranja;522;;0
168;MT;111518;A;20;Laranja;522;;0
169;MT;83994;A;4;Laranja;522;;0
170;MT;17642;D;8;Laranja;522;;0
171;MT;117767;D;18;Laranja;522;;0
172;MT;83955;D;21;Laranja;522;;0
173;MT;83754;E;2;Laranja;522;;0
174;MT;39708;C;3;Laranja;522;;0
175;MT;117950;A;7;Laranja;522;;0
176;MT;117845;C;11;Laranja;522;;0
177;MT;111696;A;15;Laranja;522;;0
178;MT;89634;E;28;Laranja;522;;0
179;MT;78445;C;26;Laranja;522;;0
180;MT;111593;B;25;Laranja;522;;0
136;MT;63187;D;1;Verde;526;;1
137;MT;117612;B;17;Verde;526;;1
138;MT;63808;E;9;Verde;526;;1
139;MT;54448;B;20;Verde;526;;1
140;MT;86432;A;1;Verde;526;;1
141;MT;23065;C;14;Verde;526;;1
142;MT;117798;A;26;Verde;526;;1
143;MT;30740;B;12;Verde;526;;1
144;MT;30436;C;12;Verde;526;;1
145;MT;117725;D;24;Verde;526;;1
146;MT;84409;B;23;Verde;526;;1
147;MT;28434;A;16;Verde;526;;1
148;MT;117607;B;16;Verde;526;;1
149;MT;30570;E;3;Verde;526;;1
150;MT;84374;C;21;Verde;526;;1
151;MT;117635;E;6;Verde;526;;1
152;MT;9779;E;21;Verde;526;;1
153;MT;111608;E;5;Verde;526;;1
154;MT;117726;D;30;Verde;526;;1
155;MT;8368;C;28;Verde;526;;1
156;MT;13303;B;27;Verde;526;;1
157;MT;14324;D;10;Verde;526;;1
158;MT;18002;C;4;Verde;526;;1
159;MT;42803;C;13;Verde;526;;1
160;MT;117743;E;19;Verde;526;;1
161;MT;10360;D;8;Verde;526;;1
162;MT;31184;C;29;Verde;526;;1
163;MT;8401;D;19;Verde;526;;1
164;MT;117818;A;9;Verde;526;;1
165;MT;117783;B;14;Verde;526;;1
166;MT;83792;E;2;Verde;526;;1
167;MT;8442;D;25;Verde;526;;1
168;MT;111518;A;20;Verde;526;;1
169;MT;83994;A;4;Verde;526;;1
170;MT;17642;D;8;Verde;526;;1
171;MT;117767;D;18;Verde;526;;1
172;MT;83955;D;21;Verde;526;;1
173;MT;83754;E;2;Verde;526;;1
174;MT;39708;C;3;Verde;526;;1
175;MT;117950;A;7;Verde;526;;1
176;MT;117845;C;11;Verde;526;;1
177;MT;111696;A;15;Verde;526;;1
178;MT;89634;E;28;Verde;526;;1
179;MT;78445;C;26;Verde;526;;1
180;MT;111593;B;25;Verde;526;;1
136;MT;25440;E;1;Amarela;555;;0
137;MT;9633;B;16;Amarela;555;;0
138;MT;59845;D;1;Amarela;555;;0
139;MT;24334;A;16;Amarela;555;;0
140;MT;60756;D;2;Amarela;555;;0
141;MT;96736;C;17;Amarela;555;;0
142;MT;29547;C;3;Amarela;555;;0
143;MT;30574;B;18;Amarela;555;;0
144;MT;28698;C;3;Amarela;555;;0
145;MT;48676;A;19;Amarela;555;;0
146;MT;32551;E;4;Amarela;555;;0
147;MT;10339;B;19;Amarela;555;;0
148;MT;66692;A;4;Amarela;555;;0
149;MT;66929;C;5;Amarela;555;;0
150;MT;23894;E;20;Amarela;555;;0
151;MT;82002;D;20;Amarela;555;;0
152;MT;82633;B;23;Amarela;555;;0
153;MT;17472;D;21;Amarela;555;;0
154;MT;54090;A;6;Amarela;555;;0
155;MT;81433;C;21;Amarela;555;;0
156;MT;12484;E;7;Amarela;555;;0
157;MT;40824;B;22;Amarela;555;;0
158;MT;30935;C;8;Amarela;555;;0
159;MT;85317;D;23;Amarela;555;;0
160;MT;7252;B;8;Amarela;555;;0
161;MT;88922;C;24;Amarela;555;;0
162;MT;63359;B;9;Amarela;555;;0
163;MT;15171;D;25;Amarela;555;;0
164;MT;97573;E;10;Amarela;555;;0
165;MT;25163;D;25;Amarela;555;;0
166;MT;81332;E;9;Amarela;555;;0
167;MT;23513;A;26;Amarela;555;;0
168;MT;23881;C;11;Amarela;555;;0
169;MT;77834;C;27;Amarela;555;;0
170;MT;6944;D;12;Amarela;555;;0
171;MT;26057;C;27;Amarela;555;;0
172;MT;15190;D;12;Amarela;555;;0
173;MT;11633;E;28;Amarela;555;;0
174;MT;31006;D;13;Amarela;555;;0
175;MT;9066;B;28;Amarela;555;;0
176;MT;81787;B;14;Amarela;555;;0
177;MT;48515;B;14;Amarela;555;;0
178;MT;30066;B;29;Amarela;555;;0
179;MT;84906;C;30;Amarela;555;;0
180;MT;79042;A;15;Amarela;555;;0
136;MT;30066;B;29;Cinza;556;;0
137;MT;84906;C;30;Cinza;556;;0
138;MT;79042;A;15;Cinza;556;;0
139;MT;9066;B;28;Cinza;556;;0
140;MT;81787;B;14;Cinza;556;;0
141;MT;48515;B;14;Cinza;556;;0
142;MT;26057;C;27;Cinza;556;;0
143;MT;15190;D;12;Cinza;556;;0
144;MT;11633;E;28;Cinza;556;;0
145;MT;31006;D;13;Cinza;556;;0
146;MT;23513;A;26;Cinza;556;;0
147;MT;23881;C;11;Cinza;556;;0
148;MT;77834;C;27;Cinza;556;;0
149;MT;6944;D;12;Cinza;556;;0
150;MT;25163;D;25;Cinza;556;;0
151;MT;81332;E;9;Cinza;556;;0
152;MT;63359;B;9;Cinza;556;;0
153;MT;15171;D;25;Cinza;556;;0
154;MT;97573;E;10;Cinza;556;;0
155;MT;85317;D;23;Cinza;556;;0
156;MT;7252;B;8;Cinza;556;;0
157;MT;88922;C;24;Cinza;556;;0
158;MT;81433;C;21;Cinza;556;;0
159;MT;12484;E;7;Cinza;556;;0
160;MT;40824;B;22;Cinza;556;;0
161;MT;30935;C;8;Cinza;556;;0
162;MT;54090;A;6;Cinza;556;;0
163;MT;82002;D;20;Cinza;556;;0
164;MT;82633;B;23;Cinza;556;;0
165;MT;17472;D;21;Cinza;556;;0
166;MT;66692;A;4;Cinza;556;;0
167;MT;66929;C;5;Cinza;556;;0
168;MT;23894;E;20;Cinza;556;;0
169;MT;48676;A;19;Cinza;556;;0
170;MT;32551;E;4;Cinza;556;;0
171;MT;10339;B;19;Cinza;556;;0
172;MT;29547;C;3;Cinza;556;;0
173;MT;30574;B;18;Cinza;556;;0
174;MT;28698;C;3;Cinza;556;;0
175;MT;59845;D;1;Cinza;556;;0
176;MT;24334;A;16;Cinza;556;;0
177;MT;60756;D;2;Cinza;556;;0
178;MT;96736;C;17;Cinza;556;;0
179;MT;25440;E;1;Cinza;556;;0
180;MT;9633;B;16;Cinza;556;;0
136;MT;25163;D;25;Azul;557;;0
137;MT;81332;E;9;Azul;557;;0
138;MT;54090;A;6;Azul;557;;0
139;MT;63359;B;9;Azul;557;;0
140;MT;15171;D;25;Azul;557;;0
141;MT;97573;E;10;Azul;557;;0
142;MT;82002;D;20;Azul;557;;0
143;MT;82633;B;23;Azul;557;;0
144;MT;17472;D;21;Azul;557;;0
145;MT;59845;D;1;Azul;557;;0
146;MT;24334;A;16;Azul;557;;0
147;MT;60756;D;2;Azul;557;;0
148;MT;96736;C;17;Azul;557;;0
149;MT;30066;B;29;Azul;557;;0
150;MT;84906;C;30;Azul;557;;0
151;MT;79042;A;15;Azul;557;;0
152;MT;26057;C;27;Azul;557;;0
153;MT;15190;D;12;Azul;557;;0
154;MT;11633;E;28;Azul;557;;0
155;MT;31006;D;13;Azul;557;;0
156;MT;25440;E;1;Azul;557;;0
157;MT;9633;B;16;Azul;557;;0
158;MT;48676;A;19;Azul;557;;0
159;MT;32551;E;4;Azul;557;;0
160;MT;10339;B;19;Azul;557;;0
161;MT;9066;B;28;Azul;557;;0
162;MT;81787;B;14;Azul;557;;0
163;MT;48515;B;14;Azul;557;;0
164;MT;29547;C;3;Azul;557;;0
165;MT;30574;B;18;Azul;557;;0
166;MT;28698;C;3;Azul;557;;0
167;MT;81433;C;21;Azul;557;;0
168;MT;12484;E;7;Azul;557;;0
169;MT;40824;B;22;Azul;557;;0
170;MT;30935;C;8;Azul;557;;0
171;MT;66692;A;4;Azul;557;;0
172;MT;66929;C;5;Azul;557;;0
173;MT;23894;E;20;Azul;557;;0
174;MT;85317;D;23;Azul;557;;0
175;MT;7252;B;8;Azul;557;;0
176;MT;88922;C;24;Azul;557;;0
177;MT;23513;A;26;Azul;557;;0
178;MT;23881;C;11;Azul;557;;0
179;MT;77834;C;27;Azul;557;;0
180;MT;6944;D;12;Azul;557;;0
136;MT;23513;A;26;Rosa;558;;0
137;MT;23881;C;11;Rosa;558;;0
138;MT;77834;C;27;Rosa;558;;0
139;MT;6944;D;12;Rosa;558;;0
140;MT;85317;D;23;Rosa;558;;0
141;MT;7252;B;8;Rosa;558;;0
142;MT;88922;C;24;Rosa;558;;0
143;MT;25440;E;1;Rosa;558;;0
144;MT;9633;B;16;Rosa;558;;0
145;MT;81433;C;21;Rosa;558;;0
146;MT;12484;E;7;Rosa;558;;0
147;MT;40824;B;22;Rosa;558;;0
148;MT;30935;C;8;Rosa;558;;0
149;MT;9066;B;28;Rosa;558;;0
150;MT;81787;B;14;Rosa;558;;0
151;MT;48515;B;14;Rosa;558;;0
152;MT;48676;A;19;Rosa;558;;0
153;MT;32551;E;4;Rosa;558;;0
154;MT;10339;B;19;Rosa;558;;0
155;MT;66692;A;4;Rosa;558;;0
156;MT;66929;C;5;Rosa;558;;0
157;MT;23894;E;20;Rosa;558;;0
158;MT;29547;C;3;Rosa;558;;0
159;MT;30574;B;18;Rosa;558;;0
160;MT;28698;C;3;Rosa;558;;0
161;MT;59845;D;1;Rosa;558;;0
162;MT;24334;A;16;Rosa;558;;0
163;MT;60756;D;2;Rosa;558;;0
164;MT;96736;C;17;Rosa;558;;0
165;MT;26057;C;27;Rosa;558;;0
166;MT;15190;D;12;Rosa;558;;0
167;MT;11633;E;28;Rosa;558;;0
168;MT;31006;D;13;Rosa;558;;0
169;MT;30066;B;29;Rosa;558;;0
170;MT;84906;C;30;Rosa;558;;0
171;MT;79042;A;15;Rosa;558;;0
172;MT;82002;D;20;Rosa;558;;0
173;MT;82633;B;23;Rosa;558;;0
174;MT;17472;D;21;Rosa;558;;0
175;MT;54090;A;6;Rosa;558;;0
176;MT;63359;B;9;Rosa;558;;0
177;MT;15171;D;25;Rosa;558;;0
178;MT;97573;E;10;Rosa;558;;0
179;MT;25163;D;25;Rosa;558;;0
180;MT;81332;E;9;Rosa;558;;0
