NU_INSCRICAO;NU_ANO;CO_MUNICIPIO_RESIDENCIA;NO_MUNICIPIO_RESIDENCIA;CO_UF_RESIDENCIA;SG_UF_RESIDENCIA;NU_IDADE;TP_SEXO;TP_ESTADO_CIVIL;TP_COR_RACA;TP_NACIONALIDADE;CO_MUNICIPIO_NASCIMENTO;NO_MUNICIPIO_NASCIMENTO;CO_UF_NASCIMENTO;SG_UF_NASCIMENTO;TP_ST_CONCLUSAO;TP_ANO_CONCLUIU;TP_ESCOLA;TP_ENSINO;IN_TREINEIRO;CO_ESCOLA;CO_MUNICIPIO_ESC;NO_MUNICIPIO_ESC;CO_UF_ESC;SG_UF_ESC;TP_DEPENDENCIA_ADM_ESC;TP_LOCALIZACAO_ESC;TP_SIT_FUNC_ESC;IN_BAIXA_VISAO;IN_CEGUEIRA;IN_SURDEZ;IN_DEFICIENCIA_AUDITIVA;IN_SURDO_CEGUEIRA;IN_DEFICIENCIA_FISICA;IN_DEFICIENCIA_MENTAL;IN_DEFICIT_ATENCAO;IN_DISLEXIA;IN_DISCALCULIA;IN_AUTISMO;IN_VISAO_MONOCULAR;IN_OUTRA_DEF;IN_GESTANTE;IN_LACTANTE;IN_IDOSO;IN_ESTUDA_CLASSE_HOSPITALAR;IN_SEM_RECURSO;IN_BRAILLE;IN_AMPLIADA_24;IN_AMPLIADA_18;IN_LEDOR;IN_ACESSO;IN_TRANSCRICAO;IN_LIBRAS;IN_TEMPO_ADICIONAL;IN_LEITURA_LABIAL;IN_MESA_CADEIRA_RODAS;IN_MESA_CADEIRA_SEPARADA;IN_APOIO_PERNA;IN_GUIA_INTERPRETE;IN_COMPUTADOR;IN_CADEIRA_ESPECIAL;IN_CADEIRA_CANHOTO;IN_CADEIRA_ACOLCHOADA;IN_PROVA_DEITADO;IN_MOBILIARIO_OBESO;IN_LAMINA_OVERLAY;IN_PROTETOR_AURICULAR;IN_MEDIDOR_GLICOSE;IN_MAQUINA_BRAILE;IN_SOROBAN;IN_MARCA_PASSO;IN_SONDA;IN_MEDICAMENTOS;IN_SALA_INDIVIDUAL;IN_SALA_ESPECIAL;IN_SALA_ACOMPANHANTE;IN_MOBILIARIO_ESPECIFICO;IN_MATERIAL_ESPECIFICO;IN_NOME_SOCIAL;CO_MUNICIPIO_PROVA;NO_MUNICIPIO_PROVA;CO_UF_PROVA;SG_UF_PROVA;TP_PRESENCA_CN;TP_PRESENCA_CH;TP_PRESENCA_LC;TP_PRESENCA_MT;CO_PROVA_CN;CO_PROVA_CH;CO_PROVA_LC;CO_PROVA_MT;NU_NOTA_CN;NU_NOTA_CH;NU_NOTA_LC;NU_NOTA_MT;TX_RESPOSTAS_CN;TX_RESPOSTAS_CH;TX_RESPOSTAS_LC;TX_RESPOSTAS_MT;TP_LINGUA;TX_GABARITO_CN;TX_GABARITO_CH;TX_GABARITO_LC;TX_GABARITO_MT;TP_STATUS_REDACAO;NU_NOTA_COMP1;NU_NOTA_COMP2;NU_NOTA_COMP3;NU_NOTA_COMP4;NU_NOTA_COMP5;NU_NOTA_REDACAO;Q001;Q002;Q003;Q004;Q005;Q006;Q007;Q008;Q009;Q010;Q011;Q012;Q013;Q014;Q015;Q016;Q017;Q018;Q019;Q020;Q021;Q022;Q023;Q024;Q025
190001004627;2019;1506807;Santarém;15;PA;21;M;1;3;4;;;;;1;3;1;;0;;;;;;;;;0;0;0;0;0;0;0;0;0;0;0;0;0;0;0;0;0;0;0;0;0;0;0;0;0;0;0;0;0;0;0;0;0;0;0;0;0;0;0;0;0;0;0;0;0;0;0;0;0;0;0;1506807;Santarém;15;PA;1;1;1;1;504;509;514;516;472.9;466;497.3;369.1;DECCEBAECBDADCDBBACEBECCBECBECDDDCBCAADBEDCDA;CCBCAEDAAECEDABEDAAADEDBBEDACDCDDCBBCCEBBAACB;DBBCB99999BDCCDBBABBAAADCBEBAEBBAAEBCCCABDCCBACCAB;ADBBDEDCABCEDCACBECDCCEBCCDBEBDCEDDBCDBCCDECC;0;BEEAAEBEEBADEADDADAEABCEDDDBCBCBCCACBCDADCCEB;ACACEEBCCBABADBBBACDBBACCCCADCEBADCBEEDBBEADB;EBBADCABDABACBCEBDEEAAADDBECDECDDBADBCDAAECBCCAECB;BEDEEEAADBEBACABCDBABECECACADCBDCCEDCDABECDDD;1;160;160;160;140;160;780;D;E;A;A;7;B;A;B;C;A;A;B;A;B;A;A;A;A;C;B;A;D;A;B;A
190001004628;2019;1504059;Mãe do Rio;15;PA;16;F;1;3;1;1505502;Paragominas;15;PA;3;0;1;;1;;;;;;;;;0;0;0;0;0;0;0;0;0;0;0;0;0;0;0;0;0;0;0;0;0;0;0;0;0;0;0;0;0;0;0;0;0;0;0;0;0;0;0;0;0;0;0;0;0;0;0;0;0;0;0;1504059;Mãe do Rio;15;PA;1;1;1;1;506;510;513;517;358.9;495.4;482.3;416.5;DAEDEBDCDEBAAACDADABDACABECDAEAAAADCEBBADEBDE;CEACBBDEEABDDACADDAABCEAEEDEEBCACEDBBDBBDBACE;99999ADBEAEBDACDAADEBBDABAEADCDDACABCCAABEEAEECCBC;DACCCBDCCCBACCCCEEEBBBEACCAABDBACDCAECABCCDBE;1;DEADBAAAEBEECEBCBCBCBDADAEABCEDDDDADCBEECACBC;EEBCEEDBADBBCBABCCADCEBACDBBACCACACBEADBBADCB;ADBBEDCABAABBCBCDAAECDDDBAAAECADECDCEBDEEAECBDBBCC;AADDDBEEEBEDDBEBACABCDBABECECACAECDCBDCCEDCDA;1;120;120;120;120;120;600;D;E;A;A;5;B;A;B;C;A;A;B;A;B;A;A;A;A;B;B;A;B;A;A;A
190001004629;2019;1505502;Paragominas;15;PA;18;F;1;1;1;1505502;Paragominas;15;PA;2;0;3;1;0;15230023;1505502;Paragominas;15;PA;4;1;1;0;0;0;0;0;0;0;0;0;0;0;0;0;0;0;0;0;0;0;0;0;0;0;0;0;0;0;0;0;0;0;0;0;0;0;0;0;0;0;0;0;0;0;0;0;0;0;0;0;0;0;1505502;Paragominas;15;PA;1;1;1;1;505;510;513;518;574.2;538.7;582.6;571.5;AABDAECAECECCBCBDECCCBCDBBABABADACBDEADEDABEE;ABACCEABCDADABACBBCEACDACDBBEEBACABBAEACAADCE;ADBBC99999EDBCBBAACECCDCDAACECAABCDCCEDEBAECEAAACC;DECCABCBCDBBBEAECBDBBCDDAADEBCBCACBBEDADDEEAC;0;DADCCEBBCCACBEEBEEBACBCDDDDADBCBBCEAEADEADAAE;EEBCEEDBADBBCBABCCADCEBACDBBACCACACBEADBBADCB;ADBBEDCABAABBCBCDAAECDDDBAAAECADECDCEBDEEAECBDBBCC;DBEBACABCDBABECEEEDCBDCCEDCDABEDAADDDECACAECB;1;140;120;120;140;120;640;H;E;A;D;3;C;D;E;E;C;A;B;C;B;A;B;A;A;D;B;B;D;A;C;B
190001004630;2019;1507706;São Sebastião da Boa Vista;15;PA;23;M;0;3;1;1501402;Belém;15;PA;2;0;2;1;0;15027635;1507706;São Sebastião da Boa Vista;15;PA;2;1;1;0;0;0;0;0;0;0;0;0;0;0;0;0;0;0;0;0;0;0;0;0;0;0;0;0;0;0;0;0;0;0;0;0;0;0;0;0;0;0;0;0;0;0;0;0;0;0;0;0;0;0;1507706;São Sebastião da Boa Vista;15;PA;0;0;0;0;;;;;;;;;;;;;1;;;;;;;;;;;;D;D;A;B;3;C;A;B;C;A;A;B;A;A;A;A;A;A;C;A;A;D;A;A;A
190001004631;2019;1503903;Juruti;15;PA;23;M;1;3;1;1503903;Juruti;15;PA;1;5;1;1;0;;;;;;;;;0;0;0;0;0;0;0;0;0;0;0;0;0;0;0;0;0;0;0;0;0;0;0;0;0;0;0;0;0;0;0;0;0;0;0;0;0;0;0;0;0;0;0;0;0;0;0;0;0;0;0;1503903;Juruti;15;PA;0;0;0;0;;;;;;;;;;;;;1;;;;;;;;;;;;B;C;A;A;5;C;A;C;B;A;B;B;A;B;A;A;A;A;B;A;A;D;A;A;A
190001004632;2019;1500800;Ananindeua;15;PA;31;M;1;1;1;1501402;Belém;15;PA;1;7;1;1;0;;;;;;;;;0;0;0;0;0;0;0;0;0;0;0;0;0;0;0;0;0;0;0;0;0;0;0;0;0;0;0;0;0;0;0;0;0;0;0;0;0;0;0;0;0;0;0;0;0;0;0;0;0;0;0;1501402;Belém;15;PA;1;1;1;1;506;508;512;517;522;592.6;582;605.3;EEDAACCEEABAEADACEBADEBEAEABDADBEBCBAEBEDACEC;ABAAADBACCEEACABCCACEDBAAADDAACAAEEBCECEDDCAC;99999BDAAACBBBEEBCBCCADBDEDAEBEDEBBACDBDECDECAACED;AAECDAEBBDCAAEDBACCBADDCBEAEACCCAEDBAEEAADDEB;1;DEADBAAAEBEECEBCBCBCBDADAEABCEDDDDADCBEECACBC;CBABADBBCEEEBCBADCBEEDBBEADBBACDBBACCCCADACAC;BBEDABDACACBABAECBBCCADCEBDBBCDDEEAAADDBECDECAAECD;AADDDBEEEBEDDBEBACABCDBABECECACAECDCBDCCEDCDA;1;120;200;140;120;0;580;C;C;C;D;5;C;A;B;C;A;A;B;A;A;A;A;A;A;B;A;A;D;A;A;A
190001004633;2019;1504208;Marabá;15;PA;30;F;2;3;1;1504208;Marabá;15;PA;1;10;1;1;0;;;;;;;;;0;0;0;0;0;0;0;0;0;0;0;0;0;0;0;0;0;0;0;0;0;0;0;0;0;0;0;0;0;0;0;0;0;0;0;0;0;0;0;0;0;0;0;0;0;0;0;0;0;0;0;1504208;Marabá;15;PA;1;1;1;1;504;510;513;516;407.4;480.1;464.3;581.5;CADACDBEBBCEACCEADBEEBCBAEADAEDBDBAABCDACABCD;AEADABBDEABAAAACCEADEEACEADEEACCCADBACCEBDDEE;99999DDEEBCCBDADEACEAADEDEAAAECAECABCDADDECEEBAACE;DCAEDAAADEBEACDBADEACDECEACDACDCBEBAECBEEDABC;1;BEEAAEBEEBADEADDADAEABCEDDDBCBCBCCACBCDADCCEB;EEBCEEDBADBBCBABCCADCEBACDBBACCACACBEADBBADCB;ADBBEDCABAABBCBCDAAECDDDBAAAECADECDCEBDEEAECBDBBCC;BEDEEEAADBEBACABCDBABECECACADCBDCCEDCDABECDDD;1;80;100;80;80;20;360;B;B;A;A;4;C;A;B;B;A;B;B;A;A;A;A;A;A;B;A;A;B;A;A;B
190001004634;2019;1501402;Belém;15;PA;26;F;0;3;1;1501204;Baião;15;PA;2;0;2;1;0;15042626;1501402;Belém;15;PA;2;1;1;0;0;0;0;0;0;0;0;0;0;0;0;0;0;0;0;0;0;0;0;0;0;0;0;0;0;0;0;0;0;0;0;0;0;0;0;0;0;0;0;0;0;0;0;0;0;0;0;0;0;0;1501402;Belém;15;PA;1;1;1;1;504;508;512;516;369.7;398.2;395.6;473.8;CBACBAEABDBDDEEDABEDCADEBEADABCDAABEBCBACDBDE;CABAEBAEBBCEECADAEEBDECABBEBABDBAEEDBEAECDEAC;BCCAD99999CCDEBDBBBDCBEDECCAECBAABCEEBBDEADBBEECCC;DAADEADABDECBDEADDAECCBEAEEADBEACBBABAADBDCDE;0;BEEAAEBEEBADEADDADAEABCEDDDBCBCBCCACBCDADCCEB;CBABADBBCEEEBCBADCBEEDBBEADBBACDBBACCCCADACAC;BBEDABDACACBABAECBBCCADCEBDBBCDDEEAAADDBECDECAAECD;BEDEEEAADBEBACABCDBABECECACADCBDCCEDCDABECDDD;1;120;120;120;120;0;480;B;B;B;B;4;B;A;B;B;A;A;B;A;A;A;A;A;A;B;A;A;B;A;A;A
190001004635;2019;1503606;Itaituba;15;PA;19;M;1;3;1;1503606;Itaituba;15;PA;1;0;1;;0;;;;;;;;;0;0;0;0;0;0;0;0;0;0;0;0;0;0;0;0;0;0;0;0;0;0;0;0;0;0;0;0;0;0;0;0;0;0;0;0;0;0;0;0;0;0;0;0;0;0;0;0;0;0;0;1503606;Itaituba;15;PA;1;1;1;1;506;509;514;517;370.7;386.4;354.2;375.5;DDDACECEECBADDCBCCECEDADBACCDDACBCCDCEACABEBC;EEDCAEEBCC*DEACCCCACDDAEAEBBAABDADADBDABADCBE;99999ADBEBADECDBAAEAEBBEECADCEDBCE*DDCABDDAEDEEBDC;CECC.BCEBBABCDCACD*BDACCBDEEDCCBCC*BCADDAECCB;1;DEADBAAAEBEECEBCBCBCBDADAEABCEDDDDADCBEECACBC;ACACEEBCCBABADBBBACDBBACCCCADCEBADCBEEDBBEADB;EBBADCABDABACBCEBDEEAAADDBECDECDDBADBCDAAECBCCAECB;AADDDBEEEBEDDBEBACABCDBABECECACAECDCBDCCEDCDA;1;80;120;100;80;80;460;D;D;B;B;4;B;A;B;C;A;B;B;A;A;A;A;A;A;A;A;A;C;A;A;B
190001004636;2019;1507607;São Miguel do Guamá;15;PA;17;F;1;2;2;;;;;3;0;1;;1;;;;;;;;;0;0;0;0;0;0;0;0;0;0;0;0;0;0;0;0;0;0;0;0;0;0;0;0;0;0;0;0;0;0;0;0;0;0;0;0;0;0;0;0;0;0;0;0;0;0;0;0;0;0;0;1507607;São Miguel do Guamá;15;PA;1;1;1;1;504;510;513;516;443.5;432.4;515.3;397;CBDAEECEBECBDADCBACEA*EDBCAEDAACCAEDEBEADCACE;CEADCABBBEABAACBEAAABBEBECEECCDACADEBBDABBCCD;99999CCEBDCEECBAEABEBDDDADACCCEBDCDDBEACBEBABDACBC;EAEEDCBEECACADEABACDECDBBADECAEAC*AABEBECEBAB;1;BEEAAEBEEBADEADDADAEABCEDDDBCBCBCCACBCDADCCEB;EEBCEEDBADBBCBABCCADCEBACDBBACCACACBEADBBADCB;ADBBEDCABAABBCBCDAAECDDDBAAAECADECDCEBDEEAECBDBBCC;BEDEEEAADBEBACABCDBABECECACADCBDCCEDCDABECDDD;1;100;120;120;100;100;540;E;E;B;F;4;B;A;B;B;A;A;B;A;A;A;A;A;A;B;A;A;B;A;A;A
190001004637;2019;1506609;Santa Maria do Pará;15;PA;21;M;1;0;1;1506609;Santa Maria do Pará;15;PA;1;1;1;1;0;;;;;;;;;0;0;0;0;0;0;0;0;0;0;0;0;0;0;0;0;0;0;0;0;0;0;0;0;0;0;0;0;0;0;0;0;0;0;0;0;0;0;0;0;0;0;0;0;0;0;0;0;0;0;0;1507607;São Miguel do Guamá;15;PA;1;1;1;1;505;508;512;518;477.6;596.9;549.7;583.2;ABBEADCEDCEBCBBAEEDBAEBEBBABCBB*BAEAEEEDCDDCE;ABABADBECCAEBC*ADCBCEABCAECBBABCBBEEACDDBCCEC;BDDEA99999CCADCEDEACCEBCDEDDBCCEEDAAEDAEECCACADEBC;ECABAECBBDEABECACBABCCACEDBEEBAEBCBBEBDEBBADB;0;DADCCEBBCCACBEEBEEBACBCDDDDADBCBBCEAEADEADAAE;CBABADBBCEEEBCBADCBEEDBBEADBBACDBBACCCCADACAC;BBEDABDACACBABAECBBCCADCEBDBBCDDEEAAADDBECDECAAECD;DBEBACABCDBABECEEEDCBDCCEDCDABEDAADDDECACAECB;1;160;180;180;200;180;900;E;C;C;F;3;B;A;B;C;A;A;B;A;A;A;A;A;A;B;A;A;A;A;A;A
190001004638;2019;1508100;Tucuruí;15;PA;24;F;0;3;1;1505809;Portel;15;PA;2;0;2;;0;15588610;1508100;Tucuruí;15;PA;2;1;1;0;0;0;0;0;0;0;0;0;0;0;0;0;0;0;0;0;0;0;0;0;0;0;0;0;0;0;0;0;0;0;0;0;0;0;0;0;0;0;0;0;0;0;0;0;0;0;0;0;0;0;1508100;Tucuruí;15;PA;0;0;0;0;;;;;;;;;;;;;0;;;;;;;;;;;;A;A;A;A;2;A;A;B;B;A;A;A;A;A;A;A;A;A;B;A;A;B;A;A;A
190001004639;2019;1500800;Ananindeua;15;PA;22;M;1;3;1;1501402;Belém;15;PA;1;5;1;1;0;;;;;;;;;0;0;0;0;0;0;0;0;0;0;0;0;0;0;0;0;0;0;0;0;0;0;0;0;0;0;0;0;0;0;0;0;0;0;0;0;0;0;0;0;0;0;0;0;0;0;0;0;0;0;0;1500800;Ananindeua;15;PA;0;0;0;0;;;;;;;;;;;;;1;;;;;;;;;;;;E;C;A;B;4;D;A;B;C;A;A;B;B;A;A;B;A;A;B;A;A;D;A;B;B
190001004640;2019;1501402;Belém;15;PA;31;M;1;3;1;1504901;Muaná;15;PA;1;13;1;;0;;;;;;;;;0;0;0;0;0;0;0;0;0;0;0;0;0;0;0;0;0;0;0;0;0;0;0;0;0;0;0;0;0;0;0;0;0;0;0;0;0;0;0;0;0;0;0;0;0;0;0;0;0;0;0;1501402;Belém;15;PA;0;0;0;0;;;;;;;;;;;;;0;;;;;;;;;;;;E;E;F;D;2;D;A;B;C;A;A;B;B;B;A;B;A;A;B;A;A;C;A;B;B
190001004641;2019;1500800;Ananindeua;15;PA;29;F;1;3;1;5300108;Brasília;53;DF;1;13;1;;0;;;;;;;;;0;0;0;0;0;0;0;0;0;0;0;0;0;0;0;0;0;0;0;0;0;0;0;0;0;0;0;0;0;0;0;0;0;0;0;0;0;0;0;0;0;0;0;0;0;0;0;0;0;0;0;1500800;Ananindeua;15;PA;0;0;0;0;;;;;;;;;;;;;1;;;;;;;;;;;;B;B;B;B;4;C;A;B;C;A;A;B;A;A;A;A;A;A;B;B;A;B;A;B;A
190001004642;2019;1502400;Castanhal;15;PA;17;F;1;3;1;1502400;Castanhal;15;PA;2;0;2;;0;15045560;1502400;Castanhal;15;PA;2;1;1;0;0;0;0;0;0;0;0;0;0;0;0;0;0;0;0;0;0;0;0;0;0;0;0;0;0;0;0;0;0;0;0;0;0;0;0;0;0;0;0;0;0;0;0;0;0;0;0;0;0;0;1502400;Castanhal;15;PA;1;1;1;1;504;507;511;516;376.4;354.7;525.8;389.4;EBBAEEDECADBDCBCAECDEACECDBECDABCDCCDEACBADCA;ADEDDAABABAECACCBEDADEDBABDEBCDCBEDABACECBEBB;99999ADDBCDBBBEDDCEBABCECBEECEDCACCBEACABCDDBEBCEA;DAABCBDEECBCADCBEAECADBECABCEADBCDBEDECACDCCB;1;BEEAAEBEEBADEADDADAEABCEDDDBCBCBCCACBCDADCCEB;BACCCBABBADCBCEEEBCACACEEDBCCADBEADBADBBBACDB;BDABEABCADBCBAADDBECDAAECDAECBECBCCDEEAAADDBBCDCEB;BEDEEEAADBEBACABCDBABECECACADCBDCCEDCDABECDDD;1;160;140;120;120;120;660;B;D;B;B;3;C;A;B;C;A;B;B;A;A;A;A;A;A;B;B;A;D;A;A;A
190001004643;2019;1501402;Belém;15;PA;17;F;1;3;1;1501402;Belém;15;PA;2;0;2;1;0;15038378;1501402;Belém;15;PA;2;1;1;0;0;0;0;0;0;0;0;0;0;0;0;0;0;0;0;0;0;0;0;0;0;0;0;0;0;0;0;0;0;0;0;0;0;0;0;0;0;0;0;0;0;0;0;0;0;0;0;0;0;0;1501402;Belém;15;PA;1;1;1;1;506;507;511;517;423;372.8;488.7;516.5;AADCEBCBECACBDDBCDABCEEBD.ABADBDBECEDABECDBCA;ABDBAACACBDEDEDABEEDCABDBEACCDDECCDEABDACDDEE;BBCDA99999EDBCDBDDEBDDAECBACBADCADCADBDAAEEDCE.ACE;DDBCBEADB*EDDBBCAEBDAABECECACEBCDAEBDDABECBEC;0;DEADBAAAEBEECEBCBCBCBDADAEABCEDDDDADCBEECACBC;BACCCBABBADCBCEEEBCACACEEDBCCADBEADBADBBBACDB;BDABEABCADBCBAADDBECDAAECDAECBECBCCDEEAAADDBBCDCEB;AADDDBEEEBEDDBEBACABCDBABECECACAECDCBDCCEDCDA;1;120;100;100;120;100;540;E;E;B;B;9;C;A;B;D;A;A;B;A;A;A;A;A;A;D;A;A;C;A;A;A
190001004644;2019;1508159;Uruará;15;PA;18;F;1;4;1;1505064;Novo Repartimento;15;PA;1;1;1;;0;;;;;;;;;0;0;0;0;0;0;0;0;0;0;0;0;0;0;0;0;0;0;0;0;0;0;0;0;0;0;0;0;0;0;0;0;0;0;0;0;0;0;0;0;0;0;0;0;0;0;0;0;0;0;0;1508159;Uruará;15;PA;1;1;1;1;506;507;511;517;373.3;405.2;441.4;496.5;ECCCECDD*BACBDADACACEBDEBCAACDBDCDEBCCBBEDDBB;CCBBECBCCABBBECCDECDABDECCCDBBDECACABCDBACCDB;99999BEEBCDEABCBCBBCDABCBDACEBCCEEBDCCCAAEEDEBDEDE;CDADCBEEDCAADAECBCBCEDEEDDCBCEBACDEABCCDBAACD;1;DEADBAAAEBEECEBCBCBCBDADAEABCEDDDDADCBEECACBC;BACCCBABBADCBCEEEBCACACEEDBCCADBEADBADBBBACDB;BDABEABCADBCBAADDBECDAAECDAECBECBCCDEEAAADDBBCDCEB;AADDDBEEEBEDDBEBACABCDBABECECACAECDCBDCCEDCDA;1;140;120;140;160;140;700;C;B;A;A;4;B;A;B;C;A;B;B;B;B;A;A;A;A;B;A;A;C;A;A;A
190001004645;2019;1501402;Belém;15;PA;18;F;1;3;1;1501402;Belém;15;PA;2;0;2;1;0;;;;;;;;;0;0;0;0;0;0;0;0;0;0;0;0;0;0;0;0;0;0;0;0;0;0;0;0;0;0;0;0;0;0;0;0;0;0;0;0;0;0;0;0;0;0;0;0;0;0;0;0;0;0;0;1501402;Belém;15;PA;1;1;1;1;503;509;514;515;451.8;521;538.4;560.8;CEEDDCBDCDBAABEBDBCABECEDEDEDBCBECCDEEBDABBDD;CCEBCAECBBAEABAAACBADEEB*EBAECECBDCDAEDDBBAEB;99999DABBBBBCCCBEECBBABDBBEEDECBDEBBDCCABECCCCEDEC;ECEBEBCCAEACBDEDEECBADBCBABEBECAEEDABEDACCBBA;1;AAECACDEADCBCDDDBCBDADAEABCEBABEEBCBEECEBDADC;ACACEEBCCBABADBBBACDBBACCCCADCEBADCBEEDBBEADB;EBBADCABDABACBCEBDEEAAADDBECDECDDBADBCDAAECBCCAECB;EEEADBEBACABCDBABECECACDCBDCCEDCDABEDECDDDBAA;1;100;120;100;120;60;500;E;E;B;B;8;D;A;B;B;A;B;B;A;B;A;A;A;A;B;A;A;B;A;A;A
190001004646;2019;1507300;São Félix do Xingu;15;PA;21;F;0;2;1;1507300;São Félix do Xingu;15;PA;1;3;1;;0;;;;;;;;;0;0;0;0;0;0;0;0;0;0;0;0;0;0;0;0;0;0;0;0;0;0;0;0;0;0;0;0;0;0;0;0;0;0;0;0;0;0;0;0;0;0;0;0;0;0;0;0;0;0;0;1507300;São Félix do Xingu;15;PA;1;1;1;1;503;508;512;515;463.6;417.3;431;397.9;DEEDEEEDCCBEDCACEBAEECAEABEDBBCCEBCCECBCBEACC;DAAAABAACACBBDACDEECAEBBBCEEBAADBEEBCDCDEEEAE;99999BDEEBEEDBBBDBAEACDBACCECAEEABEADEDECBBCEACEBA;ECBBAEBCAEDCAAEDDDECADBAAABCDBECECCAAAEBBEABD;1;AAECACDEADCBCDDDBCBDADAEABCEBABEEBCBEECEBDADC;CBABADBBCEEEBCBADCBEEDBBEADBBACDBBACCCCADACAC;BBEDABDACACBABAECBBCCADCEBDBBCDDEEAAADDBECDECAAECD;EEEADBEBACABCDBABECECACDCBDCCEDCDABEDECDDDBAA;1;120;200;120;100;80;620;C;C;A;A;3;A;A;A;B;A;A;B;A;A;A;A;A;A;B;A;A;B;A;A;B
190001004647;2019;1502939;Dom Eliseu;15;PA;18;F;1;1;1;1502939;Dom Eliseu;15;PA;1;1;1;1;0;;;;;;;;;0;0;0;0;0;0;0;0;0;0;0;0;0;0;0;0;0;0;0;0;0;0;0;0;0;0;0;0;0;0;0;0;0;0;0;0;0;0;0;0;0;0;0;0;0;0;0;0;0;0;0;1502939;Dom Eliseu;15;PA;1;1;1;1;506;509;514;517;425.6;381.9;420.1;381.3;EBCCDDBDEDDCBBEDCACDBBCBDDABACDEBAACCBBADBBDD;AEBBCBDADCBDDEBAACBAAEDCBDCAEBDDEAEBBBEEABEDA;CBBAB99999EDDCBBBCDBCDCABDCBDACCEACADDAAACACCDCCDC;CEEDADECBCDABDCCBADCBCAEEBCABBBDDAACAACCBBBCD;0;DEADBAAAEBEECEBCBCBCBDADAEABCEDDDDADCBEECACBC;ACACEEBCCBABADBBBACDBBACCCCADCEBADCBEEDBBEADB;EBBADCABDABACBCEBDEEAAADDBECDECDDBADBCDAAECBCCAECB;AADDDBEEEBEDDBEBACABCDBABECECACAECDCBDCCEDCDA;1;120;120;100;100;40;480;D;D;A;B;4;B;B;B;C;A;B;B;A;B;A;A;A;A;B;A;A;C;A;A;A
190001004648;2019;1500800;Ananindeua;15;PA;16;F;0;0;1;1500800;Ananindeua;15;PA;3;0;1;;1;;;;;;;;;0;0;0;0;0;0;0;0;0;0;0;0;0;0;0;0;0;0;0;0;0;0;0;0;0;0;0;0;0;0;0;0;0;0;0;0;0;0;0;0;0;0;0;0;0;0;0;0;0;0;0;1500800;Ananindeua;15;PA;1;1;1;1;504;507;511;516;559.2;595.5;556.9;585.2;CDCCCECBECCBEDDABBCDABBBDCCBEACCCCDCBEEAEEDAC;CEEADAABDECCBCDAEADACACCEDBCEADBBACBADBEEACCB;CDABE99999BCBBABDBDEDAAECACCECBCEACACBDAADAEBCCBBB;BBCECEEADABCACCDABBCACABCAAACDAABCBCCEDACCDDD;0;BEEAAEBEEBADEADDADAEABCEDDDBCBCBCCACBCDADCCEB;BACCCBABBADCBCEEEBCACACEEDBCCADBEADBADBBBACDB;BDABEABCADBCBAADDBECDAAECDAECBECBCCDEEAAADDBBCDCEB;BEDEEEAADBEBACABCDBABECECACADCBDCCEDCDABECDDD;1;160;160;160;200;120;800;E;F;D;F;4;H;C;B;C;B;A;B;A;B;A;B;A;A;C;A;B;D;B;E;B
190001004649;2019;1501402;Belém;15;PA;20;F;1;1;1;1302603;Manaus;13;AM;1;3;1;;0;;;;;;;;;0;0;0;0;0;0;0;0;0;0;0;0;0;0;0;0;0;0;0;0;0;0;0;0;0;0;0;0;0;0;0;0;0;0;0;0;0;0;0;0;0;0;0;0;0;0;0;0;0;0;0;1501402;Belém;15;PA;1;1;1;1;506;510;513;517;682;669.1;640.9;801.9;DEADBBAEEDBECEBCBCBECCEEDECBCADDEDADCBCECACCC;EEBCEEDBACBDCBCBECABCDBABDBBABCACACBAADBBBACB;ADBBE99999ABCCBBDDAEACDDBAAACCADECDCDEDEBBECBEBBCC;AABDBBEEEBEADBEBADCBCCABBDDEDCCAECBCBDECEDEEA;0;DEADBAAAEBEECEBCBCBCBDADAEABCEDDDDADCBEECACBC;EEBCEEDBADBBCBABCCADCEBACDBBACCACACBEADBBADCB;ADBBEDCABAABBCBCDAAECDDDBAAAECADECDCEBDEEAECBDBBCC;AADDDBEEEBEDDBEBACABCDBABECECACAECDCBDCCEDCDA;1;180;200;200;140;200;920;F;F;D;D;5;F;B;C;D;B;A;B;A;B;A;B;A;A;C;A;A;D;B;B;B
190001004650;2019;1500800;Ananindeua;15;PA;23;F;1;5;1;1500800;Ananindeua;15;PA;1;6;1;;0;;;;;;;;;0;0;0;0;0;0;0;0;0;0;0;0;0;0;0;0;0;0;0;0;0;0;0;0;0;0;0;0;0;0;0;0;0;0;0;0;0;0;0;0;0;0;0;0;0;0;0;0;0;0;0;1500800;Ananindeua;15;PA;1;1;1;1;503;507;511;515;503.2;546.7;551.8;436.8;DEEEBEAECABECDABBEAEDEDDDBCBEBBBECCCAABDABBDD;BAECABCDABEDACAEEACACACAEDDCDBCCAEECACBDECBEB;BAABE99999BCCAADAADEDAAEEBBEBCDCCEEDBBEAADEDACCCDE;CCCEDC.CADEBBCDDDDAEDDCAAEBEBBBCCCACDABBBBCCD;0;AAECACDEADCBCDDDBCBDADAEABCEBABEEBCBEECEBDADC;BACCCBABBADCBCEEEBCACACEEDBCCADBEADBADBBBACDB;BDABEABCADBCBAADDBECDAAECDAECBECBCCDEEAAADDBBCDCEB;EEEADBEBACABCDBABECECACDCBDCCEDCDABEDECDDDBAA;1;120;120;140;140;160;680;D;C;C;C;5;E;A;B;D;A;A;B;B;B;B;B;A;A;C;A;A;E;B;A;B
190001004651;2019;1505502;Paragominas;15;PA;18;F;1;3;1;1505502;Paragominas;15;PA;2;0;2;1;0;15582949;1505502;Paragominas;15;PA;2;1;1;0;0;0;0;0;0;0;0;0;0;0;0;0;0;0;0;0;0;0;0;0;0;0;0;0;0;0;0;0;0;0;0;0;0;0;0;0;0;0;0;0;0;0;0;0;0;0;0;0;0;0;1505502;Paragominas;15;PA;1;1;1;1;505;508;512;518;412.5;417.2;485.1;446.2;ACABBECAEDDBEECBADDADCEDACBEECEDBEEBDBDDDDADD;ABACCDDECDCBCDAABBDADABCBCAEEBCCBACBCDACCADAB;99999CBBEBCDDBDBECEDEEBCBBDDBBEAEBAACDAEEBECDEDCAA;DDBCBBDCBDECCAACEDAAEBABABCEBDACEBCBACCEADDDB;1;DADCCEBBCCACBEEBEEBACBCDDDDADBCBBCEAEADEADAAE;CBABADBBCEEEBCBADCBEEDBBEADBBACDBBACCCCADACAC;BBEDABDACACBABAECBBCCADCEBDBBCDDEEAAADDBECDECAAECD;DBEBACABCDBABECEEEDCBDCCEDCDABEDAADDDECACAECB;1;140;120;120;80;120;580;E;E;B;B;3;C;A;B;C;A;A;B;A;B;A;B;A;A;B;A;A;D;A;A;B
190001004652;2019;1501402;Belém;15;PA;29;F;1;2;1;1501402;Belém;15;PA;1;7;1;1;0;;;;;;;;;0;0;0;0;0;0;0;0;0;0;0;0;0;0;0;0;0;0;0;0;0;0;0;0;0;0;0;0;0;0;0;0;0;0;0;0;0;0;0;0;0;0;0;0;0;0;0;0;0;0;0;1501402;Belém;15;PA;0;0;0;0;;;;;;;;;;;;;1;;;;;;;;;;;;H;E;F;B;3;B;A;B;B;A;A;B;A;A;A;A;A;A;B;A;A;B;A;A;A
190001004653;2019;1503606;Itaituba;15;PA;16;F;1;2;1;1503606;Itaituba;15;PA;3;0;1;;1;;;;;;;;;0;0;0;0;0;0;0;0;0;0;0;0;0;0;0;0;0;0;0;0;0;0;0;0;0;0;0;0;0;0;0;0;0;0;0;0;0;0;0;0;0;0;0;0;0;0;0;0;0;0;0;1503606;Itaituba;15;PA;1;1;1;1;503;508;512;515;546.6;589.7;578.4;650.3;ADCCBAAEDDBBBBEAEBECEDBEAAEEBCBDEEBAECCCEEADA;DBCBADBEEAEEDCBACCACEDBBBCCEAACCEBCEBCBBBECBC;99999BDAEDCCDBCECCECCADCDBDBBBDAEEAACDCBECCEEAEDBB;CBEADDCBADAADDBAEADEDEBBBAEEECBDEBCEACCADCEAA;1;AAECACDEADCBCDDDBCBDADAEABCEBABEEBCBEECEBDADC;CBABADBBCEEEBCBADCBEEDBBEADBBACDBBACCCCADACAC;BBEDABDACACBABAECBBCCADCEBDBBCDDEEAAADDBECDECAAECD;EEEADBEBACABCDBABECECACDCBDCCEDCDABEDECDDDBAA;1;120;120;120;120;140;620;E;F;B;D;4;B;A;B;D;A;B;B;B;A;A;B;A;A;C;A;A;E;A;B;B
190001004654;2019;1503093;Goianésia do Pará;15;PA;28;F;1;3;1;2103307;Codó;21;MA;1;1;1;1;0;;;;;;;;;0;0;0;0;0;0;0;0;0;0;0;0;0;0;0;0;0;0;0;0;0;0;0;0;0;0;0;0;0;0;0;0;0;0;0;0;0;0;0;0;0;0;0;0;0;0;0;0;0;0;0;1503093;Goianésia do Pará;15;PA;1;1;1;1;506;508;512;517;338.5;391.7;358.8;443.1;CDDEACBEACBDBBAEBECDEACABABDACEAAEDCEDACDEADD;AEADBABAECABCDACBBBCAADBD*CEDAACBECCDBBBADDAA;99999BCAADBEBEEAECDEBDAEAAAEBAACDAACACAEEEABEDBACC;ACCBEBEAABCAEEDEABCABCDEABDEADAEBACAEBAEDC*CD;1;DEADBAAAEBEECEBCBCBCBDADAEABCEDDDDADCBEECACBC;CBABADBBCEEEBCBADCBEEDBBEADBBACDBBACCCCADACAC;BBEDABDACACBABAECBBCCADCEBDBBCDDEEAAADDBECDECAAECD;AADDDBEEEBEDDBEBACABCDBABECECACAECDCBDCCEDCDA;6;0;0;0;0;0;0;B;B;A;A;4;C;A;C;C;A;A;B;A;B;A;A;A;A;B;A;A;B;A;A;B
190001004655;2019;1501402;Belém;15;PA;19;F;1;3;1;1501402;Belém;15;PA;1;3;1;1;0;;;;;;;;;0;0;0;0;0;0;0;0;0;0;0;0;0;0;0;0;0;0;0;0;0;0;0;0;0;0;0;0;0;0;0;0;0;0;0;0;0;0;0;0;0;0;0;0;0;0;0;0;0;0;0;1501402;Belém;15;PA;1;1;1;1;505;507;511;518;450.6;561.8;539;476;BEACBDBDBCBCBACDECCBBACDBBADBBBEBCBEBEBDCCDEA;BEDAEBAADBDBECAEECCACEEBDDCABDBEBADBEDBDBACDE;BACBE99999ECBAACDECEDACECBDACBEEBEAEECBDCDBEBDCBAD;EAEDABABDCCEBCAECDCCCDDBACEEBBABCACABACBDEDEC;0;DADCCEBBCCACBEEBEEBACBCDDDDADBCBBCEAEADEADAAE;BACCCBABBADCBCEEEBCACACEEDBCCADBEADBADBBBACDB;BDABEABCADBCBAADDBECDAAECDAECBECBCCDEEAAADDBBCDCEB;DBEBACABCDBABECEEEDCBDCCEDCDABEDAADDDECACAECB;1;160;200;180;200;180;920;D;D;D;C;4;C;A;B;C;A;A;B;A;A;A;A;A;A;B;A;A;C;A;A;B
190001004656;2019;1500800;Ananindeua;15;PA;40;F;1;3;1;1500800;Ananindeua;15;PA;1;13;1;1;0;;;;;;;;;0;0;0;0;0;0;0;0;0;0;0;0;0;0;0;0;0;0;0;0;0;0;0;0;0;0;0;0;0;0;0;0;0;0;0;0;0;0;0;0;0;0;0;0;0;0;0;0;0;0;0;1500800;Ananindeua;15;PA;1;1;1;1;504;508;512;516;343.8;481;499.5;397.6;ECBBDEBABBCBBEBCDBDDDEDEBCCECEECAADACEACCABCC;ABACEBBDBCAEDDABDECEDCCACBBDDAECDCABABADEACAD;99999EDCABCBCBCECEDEBEDCABDAEBEADBACDEDEECBDCED*ED;DCACBBDBA*BCAEBECADCACEDBAADEBEBDCECBEBADDDBC;1;BEEAAEBEEBADEADDADAEABCEDDDBCBCBCCACBCDADCCEB;CBABADBBCEEEBCBADCBEEDBBEADBBACDBBACCCCADACAC;BBEDABDACACBABAECBBCCADCEBDBBCDDEEAAADDBECDECAAECD;BEDEEEAADBEBACABCDBABECECACADCBDCCEDCDABECDDD;1;100;100;80;80;40;400;C;B;A;A;8;C;A;B;C;A;A;B;A;A;A;A;A;A;B;A;A;C;A;A;A
190001004657;2019;1504802;Monte Alegre;15;PA;17;M;1;3;1;1504802;Monte Alegre;15;PA;2;0;2;1;0;15007375;1504802;Monte Alegre;15;PA;2;1;1;0;0;0;0;0;0;0;0;0;0;0;0;0;0;0;0;0;0;0;0;0;0;0;0;0;0;0;0;0;0;0;0;0;0;0;0;0;0;0;0;0;0;0;0;0;0;0;0;0;0;0;1504802;Monte Alegre;15;PA;1;1;1;1;503;509;514;515;460.7;570.5;541.8;631.3;DDEDBBADEDBBCDEADBBACEEEDBCEACDEECECACDADADCB;ACACAEDCABAAADBEEAEABECAACADBCADBDCECEABCBADE;BDBAB99999CADBCDEBEBAABDEAEEDECADDDDBBBACDACCAACCD;AEBADECBADAEABEACEBACABABBBEBEDCEECEBAEDBCEEB;0;AAECACDEADCBCDDDBCBDADAEABCEBABEEBCBEECEBDADC;ACACEEBCCBABADBBBACDBBACCCCADCEBADCBEEDBBEADB;EBBADCABDABACBCEBDEEAAADDBECDECDDBADBCDAAECBCCAECB;EEEADBEBACABCDBABECECACDCBDCCEDCDABEDECDDDBAA;1;120;120;100;160;140;640;D;B;A;A;3;A;A;B;C;A;B;B;A;A;A;A;A;A;B;A;A;B;A;A;A
190001004658;2019;1502939;Dom Eliseu;15;PA;17;F;1;3;1;1502939;Dom Eliseu;15;PA;3;0;1;;1;;;;;;;;;0;0;0;0;0;0;0;0;0;0;0;0;0;0;0;0;0;0;0;0;0;0;0;0;0;0;0;0;0;0;0;0;0;0;0;0;0;0;0;0;0;0;0;0;0;0;0;0;0;0;0;1502939;Dom Eliseu;15;PA;1;1;1;1;504;507;511;516;506;495.1;469.5;458.9;CEAAEEAEECEDDEDBEECDEBADBDABCBCEEEADBDEDBBBAB;ACEAABACDBBCEECCECCADEEBCBDDEDBEEAEBCDEDCACBB;DECDC99999EABCBBEEDEDAAEABCCCBEEEBBABBAAAEADEBDCCB;AACEADDBCDAAABCEBDECDCCCBCBACDACDEABCBADBEDCB;0;BEEAAEBEEBADEADDADAEABCEDDDBCBCBCCACBCDADCCEB;BACCCBABBADCBCEEEBCACACEEDBCCADBEADBADBBBACDB;BDABEABCADBCBAADDBECDAAECDAECBECBCCDEEAAADDBBCDCEB;BEDEEEAADBEBACABCDBABECECACADCBDCCEDCDABECDDD;1;120;120;120;120;160;640;C;D;A;A;4;B;A;B;D;A;B;C;A;B;A;A;A;A;B;B;B;C;A;A;A
190001004659;2019;1500602;Altamira;15;PA;20;F;1;2;1;1500602;Altamira;15;PA;1;3;1;1;0;;;;;;;;;0;0;0;0;0;0;0;0;0;0;0;0;0;0;0;0;0;0;0;0;0;0;0;0;0;0;0;0;0;0;0;0;0;0;0;0;0;0;0;0;0;0;0;0;0;0;0;0;0;0;0;1500602;Altamira;15;PA;1;1;1;1;503;509;514;515;414.8;388.2;457.6;401.6;DDEBAABEDCDDAABDCEDDBACBABBCDECCCACBCBACBEACD;ECAEAACDCADABCDCEAACBBDDCDAAACABBECDDBEDECEAE;99999ABCCBBBBEECCAABBAADEDDEBEACAEDEEDECBBCDAEACCC;ABCDCDBCABDCCBEDBDCBBDBAABDDCBCCEDABCEDCDCBCE;1;AAECACDEADCBCDDDBCBDADAEABCEBABEEBCBEECEBDADC;ACACEEBCCBABADBBBACDBBACCCCADCEBADCBEEDBBEADB;EBBADCABDABACBCEBDEEAAADDBECDECDDBADBCDAAECBCCAECB;EEEADBEBACABCDBABECECACDCBDCCEDCDABEDECDDDBAA;1;100;120;100;120;0;440;A;E;A;B;2;C;A;B;C;A;B;B;A;B;A;A;A;A;B;A;A;C;A;B;A
190001004660;2019;1506609;Santa Maria do Pará;15;PA;18;F;1;3;1;1506609;Santa Maria do Pará;15;PA;1;1;1;1;0;;;;;;;;;0;0;0;0;0;0;0;0;0;0;0;0;0;0;0;0;0;0;0;0;0;0;0;0;0;0;0;0;0;0;0;0;0;0;0;0;0;0;0;0;0;0;0;0;0;0;0;0;0;0;0;1507607;São Miguel do Guamá;15;PA;1;1;1;1;503;507;511;515;496.8;475.1;544.9;537.8;ACEDBEDDCEBBCDEADBEECDABAECEBDBCEDBABCCADCBAC;BBECDBDECABDACACBEDABBCEEDBDCABCDEEEDCEDABBAE;BBDBD99999BABEACDCDCDACEBAEECCECECCCEBDAADABAEECCE;ECCBDCDCABABDCEACBBEDEACACBEDEBCEBDACDDABDBAE;0;AAECACDEADCBCDDDBCBDADAEABCEBABEEBCBEECEBDADC;BACCCBABBADCBCEEEBCACACEEDBCCADBEADBADBBBACDB;BDABEABCADBCBAADDBECDAAECDAECBECBCCDEEAAADDBBCDCEB;EEEADBEBACABCDBABECECACDCBDCCEDCDABEDECDDDBAA;1;160;200;160;160;200;880;B;E;A;A;4;C;A;B;C;A;B;B;A;B;A;A;A;A;B;A;A;C;A;B;A
190001004661;2019;1506138;Redenção;15;PA;17;M;1;3;1;1506138;Redenção;15;PA;3;0;1;;1;;;;;;;;;0;0;0;0;0;0;0;0;0;0;0;0;0;0;0;0;0;0;0;0;0;0;0;0;0;0;0;0;0;0;0;0;0;0;0;0;0;0;0;0;0;0;0;0;0;0;0;0;0;0;0;1506138;Redenção;15;PA;1;1;1;1;506;509;514;517;435.6;512.3;488.6;432.4;DACDDEDEDAADCBCBDBDBBBDCCACDECADCCCBCBACCCCEA;ACAEAAACABEBABAADCEEEDE*CBDCCCADADCCCBEBBBBDB;99999CCCABBCAADDBCEBCCADBEEBDECBAABDEACACAEABBADEA;DEEDCAECDDEEECBCBECABEBAECBBCDAECAEBBBBBDCCDB;1;DEADBAAAEBEECEBCBCBCBDADAEABCEDDDDADCBEECACBC;ACACEEBCCBABADBBBACDBBACCCCADCEBADCBEEDBBEADB;EBBADCABDABACBCEBDEEAAADDBECDECDDBADBCDAAECBCCAECB;AADDDBEEEBEDDBEBACABCDBABECECACAECDCBDCCEDCDA;1;60;100;80;80;100;420;B;B;A;A;4;B;A;C;B;A;C;B;A;A;A;A;A;A;A;B;A;C;A;B;B
190001004662;2019;1501808;Breves;15;PA;17;M;1;3;1;1501808;Breves;15;PA;3;0;1;;1;;;;;;;;;0;0;0;0;0;0;0;0;0;0;0;0;0;0;0;0;0;0;0;0;0;0;0;0;0;0;0;0;0;0;0;0;0;0;0;0;0;0;0;0;0;0;0;0;0;0;0;0;0;0;0;1501808;Breves;15;PA;1;1;1;1;503;510;513;515;511.9;492.8;478.5;432.8;EDECACDDEDBEADEADBCAEBADAACEDCAEEDEBDCBADBBCA;AEECBBDDBABADBCAEBDBAAECCCBCCDCDCBCDAAEBCBDBE;99999DABBEBBBDBACADEBDDDEDEAEADDCCBABEAABCCECBACCA;BEDBADCCBECDBDDBACACABBAABDEBADD*EDBDCECBDCAB;1;AAECACDEADCBCDDDBCBDADAEABCEBABEEBCBEECEBDADC;EEBCEEDBADBBCBABCCADCEBACDBBACCACACBEADBBADCB;ADBBEDCABAABBCBCDAAECDDDBAAAECADECDCEBDEEAECBDBBCC;EEEADBEBACABCDBABECECACDCBDCCEDCDABEDECDDDBAA;1;120;160;120;120;80;600;D;D;F;F;6;B;A;B;C;A;B;B;A;A;A;A;A;A;B;A;A;C;A;B;B
190001004663;2019;1501402;Belém;15;PA;19;F;3;1;1;1503606;Itaituba;15;PA;1;1;1;;0;;;;;;;;;0;0;0;0;0;0;0;0;0;0;0;0;0;0;0;0;0;0;0;0;0;0;0;0;0;0;0;0;0;0;0;0;0;0;0;0;0;0;0;0;0;0;0;0;0;0;0;0;0;0;0;1501402;Belém;15;PA;1;1;1;1;505;510;513;518;557.8;550.1;528;418.5;DADCEDCDCECEEA*BEEADBCBDDAECEBBBDADAEE*EAECCE;EEAC*EADADBEABABCDEABCDEA*CDEABCCACBDCBECBBEB;ABCDE99999AEBCDEBACED.CDAEAAECADEEECBBCCBBECEDDAEC;EDBCCADBBCCBCDDECBCCDEBCBBDEBBEEEBDBC.DBBAB.D;0;DADCCEBBCCACBEEBEEBACBCDDDDADBCBBCEAEADEADAAE;EEBCEEDBADBBCBABCCADCEBACDBBACCACACBEADBBADCB;ADBBEDCABAABBCBCDAAECDDDBAAAECADECDCEBDEEAECBDBBCC;DBEBACABCDBABECEEEDCBDCCEDCDABEDAADDDECACAECB;1;140;160;140;120;20;580;E;C;E;D;5;L;B;E;E;B;A;B;B;B;A;B;B;A;D;A;B;E;B;C;B
190001004664;2019;1505536;Parauapebas;15;PA;18;M;1;3;1;1505536;Parauapebas;15;PA;3;0;1;;1;;;;;;;;;0;0;0;0;0;0;0;0;0;0;0;0;0;0;0;0;0;0;0;0;0;0;0;0;0;0;0;0;0;0;0;0;0;0;0;0;0;0;0;0;0;0;0;0;0;0;0;0;0;0;0;1505536;Parauapebas;15;PA;1;1;1;1;504;509;514;516;449.3;457.1;510.5;399.3;CEEDDDDEBBBECCBCCCCDBBCEBBCCBDEDBCCCDCDDDBCDD;DDABAACCCBCABCCDBBCBEDBBBCCEEDEABBCBABDBDACAB;ABCDD99999BACEDBEEDCAAAEDBDCDEBBDAEEEBEDAECBDCCDAD;DACBBBBBEBBBEBECDCEEBDDECBCBBBBEBBEBCDCDDEBAB;0;BEEAAEBEEBADEADDADAEABCEDDDBCBCBCCACBCDADCCEB;ACACEEBCCBABADBBBACDBBACCCCADCEBADCBEEDBBEADB;EBBADCABDABACBCEBDEEAAADDBECDECDDBADBCDAAECBCCAECB;BEDEEEAADBEBACABCDBABECECACADCBDCCEDCDABECDDD;1;140;120;120;140;0;520;E;E;B;B;4;C;A;C;D;B;A;B;B;B;A;B;A;A;B;A;A;E;A;A;B
190001004665;2019;1502400;Castanhal;15;PA;18;F;1;1;1;1502400;Castanhal;15;PA;1;1;1;;0;;;;;;;;;0;0;0;0;0;0;0;0;0;0;0;0;0;0;0;0;0;0;0;0;0;0;0;0;0;0;0;0;0;0;0;0;0;0;0;0;0;0;0;0;0;0;0;0;0;0;0;0;0;0;0;1502400;Castanhal;15;PA;1;1;1;1;506;510;513;517;516.7;575.6;587.8;604.8;DEDDABDADBECDAAABCBCEABECBEACBDEECBABEBEEDCDE;EEACCEDBCDEEABAAECAECDEACEBEEBDDCBCEAACECBACB;99999DCBBCADBCBCDAAECDDAEDACECADDCDDCEDEBEECDEACDB;CAEBCBEDABABDBCBBCCCBDACBEACBAEEBECBDBCBEEDEB;1;DEADBAAAEBEECEBCBCBCBDADAEABCEDDDDADCBEECACBC;EEBCEEDBADBBCBABCCADCEBACDBBACCACACBEADBBADCB;ADBBEDCABAABBCBCDAAECDDDBAAAECADECDCEBDEEAECBDBBCC;AADDDBEEEBEDDBEBACABCDBABECECACAECDCBDCCEDCDA;1;160;120;160;180;180;800;E;E;C;B;4;K;A;D;D;B;B;B;A;B;A;B;A;B;C;B;B;E;A;C;B
190001004666;2019;1500602;Altamira;15;PA;23;F;1;2;1;2304400;Fortaleza;23;CE;1;4;1;1;0;;;;;;;;;0;0;0;0;0;0;0;0;0;0;0;0;0;0;0;0;0;0;0;0;0;0;0;0;0;0;0;0;0;0;0;0;0;0;0;0;0;0;0;0;0;0;0;0;0;0;0;0;0;0;0;1500602;Altamira;15;PA;1;1;1;1;504;510;513;516;495.1;480.1;528.2;517.9;DDCDCEAEECDBDAAABEABEBDBDBCBBCADADDCDCEABCBDA;CEDDEEDEBBBADACCDBABEDCAECBDDBCBDBCCACCDBBDEE;99999EAAECABBABCCACECBDBBCADDCEEEBDCBEBCBCBEEDADCE;DACECACCADBBADCAADAACDAEBEEDCAABECADAEECDECBC;1;BEEAAEBEEBADEADDADAEABCEDDDBCBCBCCACBCDADCCEB;EEBCEEDBADBBCBABCCADCEBACDBBACCACACBEADBBADCB;ADBBEDCABAABBCBCDAAECDDDBAAAECADECDCEBDEEAECBDBBCC;BEDEEEAADBEBACABCDBABECECACADCBDCCEDCDABECDDD;1;140;160;140;120;120;680;H;E;F;B;4;B;A;B;B;A;A;B;A;A;B;A;A;A;B;A;A;C;A;A;A
190001004667;2019;1501402;Belém;15;PA;18;M;1;3;1;1501402;Belém;15;PA;1;1;1;;0;;;;;;;;;0;0;0;0;0;0;0;0;0;0;0;0;0;0;0;0;0;0;0;0;0;0;0;0;0;0;0;0;0;0;0;0;0;0;0;0;0;0;0;0;0;0;0;0;0;0;0;0;0;0;0;1501402;Belém;15;PA;1;1;1;1;504;507;511;516;600.4;651.8;583.3;567.8;AECAADDBEBBDEADABEDECAADDEBBECCBCCBECBAADCDDC;BABCABABCAECBCEEEBEECBCAEDBEAAECEACDADBBBACDB;BEABC99999BCBEAEDBCCDAAECBCECCECCCCDEBDCADADBBCCBE;BEACCBAEDECCBECCCDEBCEBCBDBAABCCEBECBDDADEABC;0;BEEAAEBEEBADEADDADAEABCEDDDBCBCBCCACBCDADCCEB;BACCCBABBADCBCEEEBCACACEEDBCCADBEADBADBBBACDB;BDABEABCADBCBAADDBECDAAECDAECBECBCCDEEAAADDBBCDCEB;BEDEEEAADBEBACABCDBABECECACADCBDCCEDCDABECDDD;1;160;120;160;180;180;800;E;F;B;B;3;B;A;B;C;B;A;B;A;B;A;A;A;A;B;A;B;C;A;B;B
190001004668;2019;1504208;Marabá;15;PA;23;F;2;3;1;1504208;Marabá;15;PA;1;6;1;1;0;;;;;;;;;0;0;0;0;0;0;0;0;0;0;0;0;0;0;0;0;0;0;0;0;0;0;0;0;0;0;0;0;0;0;0;0;0;0;0;0;0;0;0;0;0;0;0;0;0;0;0;0;0;0;0;1504208;Marabá;15;PA;1;1;1;1;503;508;512;515;447.9;452.6;472.5;450.5;CDDBACAADADACDABDECEBDADECAECEBBEEAEADDCCAAAC;EEACBBAECAAAACEBDCDACDEEACAEEBECEDDEECAAEABBB;99999EEDAACBAACEEEDCECDBCEDDCEEECADCEEEDEAABCEAAEA;ECABAECDAEEDCDECEDBEBCBCAEECCDECCDEAACDBDCECC;1;AAECACDEADCBCDDDBCBDADAEABCEBABEEBCBEECEBDADC;CBABADBBCEEEBCBADCBEEDBBEADBBACDBBACCCCADACAC;BBEDABDACACBABAECBBCCADCEBDBBCDDEEAAADDBECDECAAECD;EEEADBEBACABCDBABECECACDCBDCCEDCDABEDECDDDBAA;1;120;120;120;140;160;660;B;C;C;B;2;B;A;C;C;A;B;B;A;B;A;A;A;A;B;A;A;C;A;A;B
190001004669;2019;1501402;Belém;15;PA;23;M;0;3;1;1501402;Belém;15;PA;2;0;2;1;0;;;;;;;;;0;0;0;0;0;0;0;0;0;0;0;0;0;0;0;0;0;0;0;0;0;0;0;0;0;0;0;0;0;0;0;0;0;0;0;0;0;0;0;0;0;0;0;0;0;0;0;0;0;0;0;1501402;Belém;15;PA;0;0;0;0;;;;;;;;;;;;;0;;;;;;;;;;;;H;E;F;D;4;D;A;B;B;A;A;B;A;A;A;A;A;A;B;A;A;E;A;B;B
190001004670;2019;1505536;Parauapebas;15;PA;39;F;1;2;1;1702901;Axixá do Tocantins;17;TO;1;13;1;1;0;;;;;;;;;0;0;0;0;0;0;0;0;0;0;0;0;0;0;0;0;0;0;0;0;0;0;0;0;0;0;0;0;0;0;0;0;0;0;0;0;0;0;0;0;0;0;0;0;0;0;0;0;0;0;0;1505536;Parauapebas;15;PA;1;1;1;1;504;509;514;516;360.8;472.9;374.2;398.9;DAEDADAA*.*.DACBBADECDEEBDEA*DAAABABDABAAABEA;AEAEAEADEBABCBEAABBCBBAECACAAEECBEBEADAEEADAA;99999CBBADABBBDCBAEBEDBDCABEACDBAECACAEADCAEDBECDC;AAEEABDEADDDECEDCEEADA*.EBBBCCCCACBCBCCCEDABC;1;BEEAAEBEEBADEADDADAEABCEDDDBCBCBCCACBCDADCCEB;ACACEEBCCBABADBBBACDBBACCCCADCEBADCBEEDBBEADB;EBBADCABDABACBCEBDEEAAADDBECDECDDBADBCDAAECBCCAECB;BEDEEEAADBEBACABCDBABECECACADCBDCCEDCDABECDDD;6;0;0;0;0;0;0;A;A;A;A;2;C;A;B;C;A;A;B;A;B;A;B;A;A;B;B;A;C;A;A;B
190001004671;2019;1500107;Abaetetuba;15;PA;21;M;1;2;2;;;;;1;1;1;1;0;;;;;;;;;0;0;0;0;0;0;0;0;0;0;0;0;0;0;0;0;0;0;0;0;0;0;0;0;0;0;0;0;0;0;0;0;0;0;0;0;0;0;0;0;0;0;0;0;0;0;0;0;0;0;0;1500107;Abaetetuba;15;PA;0;0;0;0;;;;;;;;;;;;;1;;;;;;;;;;;;C;E;C;D;3;B;A;B;B;A;B;B;A;B;A;A;A;A;B;A;A;B;A;B;B
190001004672;2019;1500800;Ananindeua;15;PA;25;M;1;3;1;1500800;Ananindeua;15;PA;1;8;1;1;0;;;;;;;;;0;0;0;0;0;0;0;0;0;0;0;0;0;0;0;0;0;0;0;0;0;0;0;0;0;0;0;0;0;0;0;0;0;0;0;0;0;0;0;0;0;0;0;0;0;0;0;0;0;0;0;1500800;Ananindeua;15;PA;1;1;1;1;506;507;511;517;432.6;418.2;438.2;599.7;ECDDABCEADCCCEECCABDECCDEAACBBCCDEEAAAA*BBBCE;CCCABCDECEACBBBABBCCDEDAEC*ACDCEBABCCEEECEACE;99999CEEDDEABDEDAAA*BECACEDEBCDEAAA*CCBAB*ECDBABCC;AAAACCACEBDEBACBADCDEAABCEACADEEDCBAECCCBBEEA;1;DEADBAAAEBEECEBCBCBCBDADAEABCEDDDDADCBEECACBC;BACCCBABBADCBCEEEBCACACEEDBCCADBEADBADBBBACDB;BDABEABCADBCBAADDBECDAAECDAECBECBCCDEEAAADDBBCDCEB;AADDDBEEEBEDDBEBACABCDBABECECACAECDCBDCCEDCDA;1;100;120;120;100;120;560;D;D;A;B;5;E;A;B;C;A;A;B;B;A;A;A;A;A;B;A;A;C;A;A;A
190001004673;2019;1501204;Baião;15;PA;22;M;1;1;1;1501402;Belém;15;PA;1;3;1;1;0;;;;;;;;;0;0;0;0;0;0;0;0;0;0;0;0;0;0;0;0;0;0;0;0;0;0;0;0;0;0;0;0;0;0;0;0;0;0;0;0;0;0;0;0;0;0;0;0;0;0;0;0;0;0;0;1501204;Baião;15;PA;1;1;1;1;503;510;513;515;383.6;468.2;518.6;429.8;ADDEDDDDEACEEBDCDECBCEDEDBDEDBDBBCACCCABABACE;AEECABDEBDCDECAEBCBECAEBECBBEEABEABBDCEABBDEE;99999ADADDABECCCCACEEDDEDDAEBCAEEBDDACADDCBCABDCCB;ACADAEBCADDABDDBCDBDBDDCABAEDBBDACBBECCABEADB;1;AAECACDEADCBCDDDBCBDADAEABCEBABEEBCBEECEBDADC;EEBCEEDBADBBCBABCCADCEBACDBBACCACACBEADBBADCB;ADBBEDCABAABBCBCDAAECDDDBAAAECADECDCEBDEEAECBDBBCC;EEEADBEBACABCDBABECECACDCBDCCEDCDABEDECDDDBAA;1;160;140;160;140;120;720;C;C;A;A;3;A;A;B;D;A;B;B;A;B;A;A;A;A;B;B;A;B;B;A;A
190001004674;2019;1504208;Marabá;15;PA;23;M;1;3;1;1504208;Marabá;15;PA;1;3;1;1;0;;;;;;;;;0;0;0;0;0;0;0;0;0;0;0;0;0;0;0;0;0;0;0;0;0;0;0;0;0;0;0;0;0;0;0;0;0;0;0;0;0;0;0;0;0;0;0;0;0;0;0;0;0;0;0;1504208;Marabá;15;PA;0;1;1;0;;508;512;;;409.3;375.3;;;ABBCEADCEBAAACACEDCDCDACCCACDCBCABCAACBDBDEDE;99999ABCEBCEDDECEEEBBCCEECCABDABEEBCDEAEBBEAEABDCC;;1;;CBABADBBCEEEBCBADCBEEDBBEADBBACDBBACCCCADACAC;BBEDABDACACBABAECBBCCADCEBDBBCDDEEAAADDBECDECAAECD;;1;80;100;80;80;60;400;C;C;A;A;4;B;A;B;C;A;A;B;B;B;A;A;A;A;B;A;A;B;A;A;B
190001004675;2019;1508100;Tucuruí;15;PA;23;F;1;3;1;1502939;Dom Eliseu;15;PA;1;3;1;1;0;;;;;;;;;0;0;0;0;0;0;0;0;0;0;0;0;0;0;0;0;0;0;0;0;0;0;0;0;0;0;0;0;0;0;0;0;0;0;0;0;0;0;0;0;0;0;0;0;0;0;0;0;0;0;0;1508100;Tucuruí;15;PA;1;1;1;1;503;508;512;515;462.2;499.9;438;477.9;AEEBADDDCBDBABCCBBABBEADBEDCABCBEDBBCCECBDAAE;ABAEDBEACAAEDEDDBCDECABACCACBADEDDEBADBABADAC;99999BACABBCCBECEBDACAEDEBABBDEAEBDAECDACEDAAABEBE;DCBAEDCCAECCADEADCAEAEDDAEAEBCBBACCAABDDCBEAE;1;AAECACDEADCBCDDDBCBDADAEABCEBABEEBCBEECEBDADC;CBABADBBCEEEBCBADCBEEDBBEADBBACDBBACCCCADACAC;BBEDABDACACBABAECBBCCADCEBDBBCDDEEAAADDBECDECAAECD;EEEADBEBACABCDBABECECACDCBDCCEDCDABEDECDDDBAA;1;120;120;140;120;100;600;F;B;C;B;7;C;A;C;D;A;A;B;A;A;A;A;A;A;C;A;A;E;A;B;B
190001004676;2019;1504208;Marabá;15;PA;17;F;1;3;1;1505536;Parauapebas;15;PA;2;0;2;1;0;15127311;1504208;Marabá;15;PA;2;1;1;0;0;0;0;0;0;0;0;0;0;0;0;0;0;0;0;0;0;0;0;0;0;0;0;0;0;0;0;0;0;0;0;0;0;0;0;0;0;0;0;0;0;0;0;0;0;0;0;0;0;0;1504208;Marabá;15;PA;1;1;1;1;504;508;512;516;509.8;494.9;540.5;564.3;DECCCCBEEDBDEDBBBADDBBECDBCBBBBACDDECABCDABAB;DBCCBCABBDADBCDACDDAEDDBDADBBDBCBDECCDBAACCAD;BBEDA99999DEABDBBDECCCBCBEDDBACDABDDACCDECBBCACBED;DECEDAAEDDABADAEBEEBCDBBDBCEDBECEBEECBCAAEABE;0;BEEAAEBEEBADEADDADAEABCEDDDBCBCBCCACBCDADCCEB;CBABADBBCEEEBCBADCBEEDBBEADBBACDBBACCCCADACAC;BBEDABDACACBABAECBBCCADCEBDBBCDDEEAAADDBECDECAAECD;BEDEEEAADBEBACABCDBABECECACADCBDCCEDCDABECDDD;1;160;200;200;200;180;940;C;D;B;B;4;E;A;B;C;B;A;B;A;B;A;B;A;A;B;A;A;E;B;B;B
190001004677;2019;1501303;Barcarena;15;PA;17;F;1;3;1;1501303;Barcarena;15;PA;3;0;1;;1;;;;;;;;;0;0;0;0;0;0;0;0;0;0;0;0;0;0;0;0;0;0;0;0;0;0;0;0;0;0;0;0;0;0;0;0;0;0;0;0;0;0;0;0;0;0;0;0;0;0;0;0;0;0;0;1501303;Barcarena;15;PA;1;1;1;1;506;507;511;517;347.2;442.7;492.9;391.9;EDCBDBDDDBDBDCEDBBADCDABADDECAEDECAABCEADEDAB;DBECEECDABDCAEBCDECAEBBCBABEBDACCCDBDABDECEDB;BDCBA99999ECBCDBDDCBCBCCECEEEBCEDECCAEEADDABBCBDDB;EBABDDDEAEBCACAAADCBECECDAEDDEACADBECDCBACBED;0;DEADBAAAEBEECEBCBCBCBDADAEABCEDDDDADCBEECACBC;BACCCBABBADCBCEEEBCACACEEDBCCADBEADBADBBBACDB;BDABEABCADBCBAADDBECDAAECDAECBECBCCDEEAAADDBBCDCEB;AADDDBEEEBEDDBEBACABCDBABECECACAECDCBDCCEDCDA;1;120;140;100;100;140;600;B;E;B;C;8;D;A;C;D;A;A;B;A;B;A;A;A;A;C;A;A;C;A;A;A
190001004678;2019;1500800;Ananindeua;15;PA;17;M;1;3;1;1500800;Ananindeua;15;PA;2;0;2;1;0;15034747;1500800;Ananindeua;15;PA;2;1;1;0;0;0;0;0;0;0;0;0;0;0;0;0;0;0;0;0;0;0;0;0;0;0;0;0;0;0;0;0;0;0;0;0;0;0;0;0;0;0;0;0;0;0;0;0;0;0;0;0;0;0;1500800;Ananindeua;15;PA;1;1;1;1;505;508;512;518;422.1;534.4;516.3;585.2;DBDDDDCDADEECACABEDBBAECBADABDBEAEEDDDDEEDDED;AAEAADBBCADBACABCCEABDBBAAEAEDECBBCBCEDAAACBB;BDDBA99999BBAACEDCCEEABDBEDEEDEBEDDAADEBEECEEADEDD;DEBBABCAAEEEECAECEAACDEBADBBECEAABABBBBEDBDEE;0;DADCCEBBCCACBEEBEEBACBCDDDDADBCBBCEAEADEADAAE;CBABADBBCEEEBCBADCBEEDBBEADBBACDBBACCCCADACAC;BBEDABDACACBABAECBBCCADCEBDBBCDDEEAAADDBECDECAAECD;DBEBACABCDBABECEEEDCBDCCEDCDABEDAADDDECACAECB;1;120;120;120;120;0;480;H;E;F;B;4;B;B;B;B;A;A;B;B;A;A;A;A;A;B;A;A;A;A;A;A
190001004679;2019;1505536;Parauapebas;15;PA;15;M;1;1;1;2111300;São Luís;21;MA;3;0;1;;1;;;;;;;;;0;0;0;0;0;0;0;0;0;0;0;0;0;0;0;0;0;0;0;0;0;0;0;0;0;0;0;0;0;0;0;0;0;0;0;0;0;0;0;0;0;0;0;0;0;0;0;0;0;0;0;1505536;Parauapebas;15;PA;1;1;1;1;506;508;512;517;479.9;497;499.6;387.6;DECDAACEECCECBEBDBECBAACDBEADEBCCCAECDAEBDEAC;ABACAEACCAAE.CDACDEBEBAEAAEBEBCABEACBEDBADBAA;BDACA99999CBEDEEBBECBABCEADEBDCAE.ACADDBDBDAEBCCAE;CDAEAACEACADBCEBDAEBAECEBAEBCCBDBCEADCAECADBE;0;DEADBAAAEBEECEBCBCBCBDADAEABCEDDDDADCBEECACBC;CBABADBBCEEEBCBADCBEEDBBEADBBACDBBACCCCADACAC;BBEDABDACACBABAECBBCCADCEBDBBCDDEEAAADDBECDECAAECD;AADDDBEEEBEDDBEBACABCDBABECECACAECDCBDCCEDCDA;8;0;0;0;0;0;0;E;G;E;E;3;J;C;D;E;B;A;B;B;B;B;B;A;B;E;A;B;D;B;C;B
190001004680;2019;1501402;Belém;15;PA;34;F;1;3;1;1501402;Belém;15;PA;1;2;1;;0;;;;;;;;;0;0;0;0;0;0;0;0;0;0;0;0;0;0;0;0;0;0;0;0;0;0;0;0;0;0;0;0;0;0;0;0;0;0;0;0;0;0;0;0;0;0;0;0;0;0;0;0;0;0;0;1501402;Belém;15;PA;1;1;1;1;503;509;514;515;396.1;427.9;483;393;CBCBCABBEABDCCAAEBCCCBCDABCEDBCEDECEBCDDCCCDC;CDDDBCBCBDDBBDBBDBDCDBDBDBDBDBBCDCDCBCDBDCDBE;99999DCBDDBBCBBDAEBBEAADCDBEEACEADBDCDCBDBDBBCBBDC;ECCDECDCDEDDDBCCCDCDCCCCCDDDDDBAEDBCDCECDDCBD;1;AAECACDEADCBCDDDBCBDADAEABCEBABEEBCBEECEBDADC;ACACEEBCCBABADBBBACDBBACCCCADCEBADCBEEDBBEADB;EBBADCABDABACBCEBDEEAAADDBECDECDDBADBCDAAECBCCAECB;EEEADBEBACABCDBABECECACDCBDCCEDCDABEDECDDDBAA;1;80;120;80;80;60;420;B;B;C;C;2;A;A;B;B;A;A;B;A;A;A;A;A;A;B;A;A;B;A;A;A
190001004681;2019;1501808;Breves;15;PA;23;M;1;3;2;;;;;1;2;1;1;0;;;;;;;;;0;0;0;0;0;0;0;0;0;0;0;0;0;0;0;0;0;0;0;0;0;0;0;0;0;0;0;0;0;0;0;0;0;0;0;0;0;0;0;0;0;0;0;0;0;0;0;0;0;0;0;1501808;Breves;15;PA;1;1;1;1;504;509;514;516;454.6;418.1;393.7;443.2;DECCEEDEEDADADABBBABADCEAEACBABCDDDCABEABDDDC;AAAC.BEDDEAACBDEECADBACEDBAADEADB*ADBECADAABE;99999ACAAEBBAECCBAADDCDDABBAABACEABDBEACBADBEAEDBA;CACAEBDBEEBBABBBBCECCDECBDBDBADEEAEBDACBEABAD;1;BEEAAEBEEBADEADDADAEABCEDDDBCBCBCCACBCDADCCEB;ACACEEBCCBABADBBBACDBBACCCCADCEBADCBEEDBBEADB;EBBADCABDABACBCEBDEEAAADDBECDECDDBADBCDAAECBCCAECB;BEDEEEAADBEBACABCDBABECECACADCBDCCEDCDABECDDD;1;100;120;120;120;100;560;B;G;B;D;3;A;A;B;A;A;A;A;A;A;A;A;A;A;B;B;A;B;A;A;A
190001004682;2019;1501402;Belém;15;PA;20;F;1;1;1;1502004;Cachoeira do Arari;15;PA;1;1;1;1;0;;;;;;;;;0;0;0;0;0;0;0;0;0;0;0;0;0;0;0;0;0;0;0;0;0;0;0;0;0;0;0;0;0;0;0;0;0;0;0;0;0;0;0;0;0;0;0;0;0;0;0;0;0;0;0;1501402;Belém;15;PA;0;0;0;0;;;;;;;;;;;;;1;;;;;;;;;;;;B;C;B;B;3;B;A;B;B;A;A;B;A;A;A;B;A;A;B;A;B;C;A;A;B
190001004683;2019;1502400;Castanhal;15;PA;19;F;1;3;1;1502905;Curuçá;15;PA;1;2;1;1;0;;;;;;;;;0;0;0;0;0;0;0;0;0;0;0;0;0;0;0;0;0;0;0;0;0;0;0;0;0;0;0;0;0;0;0;0;0;0;0;0;0;0;0;0;0;0;0;0;0;0;0;0;0;0;0;1502400;Castanhal;15;PA;1;1;1;1;504;507;511;516;511.9;579.1;611.8;540.2;CDDCEEDBEBEEDCAADDD*DBBBDECBBEABCCCCEDBBAAEDA;BDECABAADBAEBADEEBCCCACCEDBCCDABBECEABBBEAAAB;99999ABEADCDBADEDBEEDAAECEAECBDCBCCDEBDAADEBBCCCDE;CAAACBACCDECACCBCDBAADCCDCDAEBDBEDADCEECEECDD;1;BEEAAEBEEBADEADDADAEABCEDDDBCBCBCCACBCDADCCEB;BACCCBABBADCBCEEEBCACACEEDBCCADBEADBADBBBACDB;BDABEABCADBCBAADDBECDAAECDAECBECBCCDEEAAADDBBCDCEB;BEDEEEAADBEBACABCDBABECECACADCBDCCEDCDABECDDD;1;160;140;140;180;140;760;H;E;F;D;5;B;A;B;D;A;A;B;B;A;A;A;A;A;B;A;A;D;A;A;B
190001004684;2019;1501907;Bujaru;15;PA;18;M;1;2;1;1501907;Bujaru;15;PA;2;0;2;1;0;;;;;;;;;0;0;0;0;0;0;0;1;0;0;0;0;0;0;0;0;0;0;0;0;0;0;0;0;0;1;0;0;0;0;0;0;0;0;0;0;0;0;0;0;0;0;0;0;0;0;0;0;0;0;0;1501907;Bujaru;15;PA;1;1;1;1;504;508;512;516;423.2;343.9;453.9;456;CECAECEACDBDADBECBECABABEBCADBDABECBECADBECAC;CADEBBDACEADBECEBCADACEBDCADEBBEDACACEBDACDDB;99999DACEBDACBEBBECDABDDBAADBCACEBDACEBDACEBDBCEAD;CDCBCDCEDBDACEBEBDBDACECCDAECADBEDCEBBECADBEC;1;BEEAAEBEEBADEADDADAEABCEDDDBCBCBCCACBCDADCCEB;CBABADBBCEEEBCBADCBEEDBBEADBBACDBBACCCCADACAC;BBEDABDACACBABAECBBCCADCEBDBBCDDEEAAADDBECDECAAECD;BEDEEEAADBEBACABCDBABECECACADCBDCCEDCDABECDDD;1;100;120;120;100;140;580;H;H;F;F;3;A;A;B;C;A;A;B;A;B;A;A;A;A;C;A;A;D;A;A;B
190001004685;2019;1503606;Itaituba;15;PA;25;M;0;0;1;3550308;São Paulo;35;SP;1;8;1;;0;;;;;;;;;0;0;0;0;0;0;0;0;0;0;0;0;0;0;0;0;0;0;0;0;0;0;0;0;0;0;0;0;0;0;0;0;0;0;0;0;0;0;0;0;0;0;0;0;0;0;0;0;0;0;0;1503606;Itaituba;15;PA;0;0;0;0;;;;;;;;;;;;;0;;;;;;;;;;;;F;F;E;F;1;O;A;D;C;B;A;B;A;A;A;B;A;B;C;A;A;B;A;B;B
190001004686;2019;1502103;Cametá;15;PA;27;F;1;3;1;1502103;Cametá;15;PA;1;7;1;1;0;;;;;;;;;0;0;0;0;0;0;0;0;0;0;0;0;0;0;0;0;0;0;0;0;0;0;0;0;0;0;0;0;0;0;0;0;0;0;0;0;0;0;0;0;0;0;0;0;0;0;0;0;0;0;0;1502103;Cametá;15;PA;0;1;1;0;;510;513;;;394.2;412.1;;;CAADAADCDBEAAAADECDEBCABADDEEBBDDACEBCDBDEECE;99999EAEEDDBDDDACADCEBCEEECBDEEECBEEBEAEBEBBCDCDDC;;1;;EEBCEEDBADBBCBABCCADCEBACDBBACCACACBEADBBADCB;ADBBEDCABAABBCBCDAAECDDDBAAAECADECDCEBDEEAECBDBBCC;;1;100;140;100;100;80;520;B;B;A;A;2;B;A;A;B;A;B;B;A;B;A;A;A;A;B;A;A;B;A;A;B
190001004687;2019;1501402;Belém;15;PA;18;F;1;3;1;1501402;Belém;15;PA;1;1;1;;0;;;;;;;;;0;0;0;0;0;0;0;0;0;0;0;0;0;0;0;0;0;0;0;0;0;0;0;0;0;0;0;0;0;0;0;0;0;0;0;0;0;0;0;0;0;0;0;0;0;0;0;0;0;0;0;1500800;Ananindeua;15;PA;1;1;1;1;505;507;511;518;349.8;417.1;416.6;468.3;ADBEDCADEBCECABDBCCDBBCADDEBAABAEDBDCCBDCACAD;ADBADBDACEBCBACCDADCAACCACABEABBCDBBCEBEABCEB;99999DAEBECABECBECECCABEDBCBECDCCDDCBABBCCCDADABCD;DBDECAEBDACEBBECABEDCABEBACDBAEBDA*DCBADECABD;1;DADCCEBBCCACBEEBEEBACBCDDDDADBCBBCEAEADEADAAE;BACCCBABBADCBCEEEBCACACEEDBCCADBEADBADBBBACDB;BDABEABCADBCBAADDBECDAAECDAECBECBCCDEEAAADDBBCDCEB;DBEBACABCDBABECEEEDCBDCCEDCDABEDAADDDECACAECB;1;120;40;40;120;0;320;D;D;C;B;4;B;A;B;C;A;A;B;A;A;A;A;A;A;B;A;A;A;A;A;A
190001004688;2019;1501808;Breves;15;PA;18;F;1;2;1;1501808;Breves;15;PA;2;0;2;1;0;15583430;1501808;Breves;15;PA;2;1;1;0;0;0;0;0;0;0;0;0;0;0;0;0;0;0;0;0;0;0;0;0;0;0;0;0;0;0;0;0;0;0;0;0;0;0;0;0;0;0;0;0;0;0;0;0;0;0;0;0;0;0;1501808;Breves;15;PA;1;1;1;1;503;507;511;515;450.9;436.6;489.1;408.4;AEDDDEBEECBABCDDADBCBCAECBDEDBBBEDECEDBEEBACA;EBECBEAADBDEEEAECAEADABEDDCDCCDCAACECBAEABCDD;99999CBABDBCDBBEDAAEEACECEECEDDCEDBAEBDCCEDDBCEAAC;CCBDADDCADAECCADDEDCCBECACCCBDCCDDEBBDCECBDCE;1;AAECACDEADCBCDDDBCBDADAEABCEBABEEBCBEECEBDADC;BACCCBABBADCBCEEEBCACACEEDBCCADBEADBADBBBACDB;BDABEABCADBCBAADDBECDAAECDAECBECBCCDEEAAADDBBCDCEB;EEEADBEBACABCDBABECECACDCBDCCEDCDABEDECDDDBAA;1;120;120;120;120;100;580;B;B;A;A;5;A;A;B;B;A;A;B;A;A;A;A;A;A;B;B;A;C;A;A;A
190001004689;2019;1501402;Belém;15;PA;25;F;1;3;1;1507904;Soure;15;PA;1;9;1;1;0;;;;;;;;;0;0;0;0;0;0;0;0;0;0;0;0;0;0;0;0;0;0;0;0;0;0;0;0;0;0;0;0;0;0;0;0;0;0;0;0;0;0;0;0;0;0;0;0;0;0;0;0;0;0;0;1500800;Ananindeua;15;PA;1;1;1;1;506;509;514;517;484.7;530.8;591.5;459.1;DDCADDCBEDEE.ADBEEBBEEEEAAABDDDDBBDABCCBCBDCB;CEBBBEACABAACABEEACDBEADBEDABDADAAEBAEDBDDEDD;99999CCBDABACBAAADEBAAADBBEECECDDDADBCCAADECECACCC;CCCBCAECCCAADBBCBBEBBAAAADCAAEBAADBBDDDCEBEEE;1;DEADBAAAEBEECEBCBCBCBDADAEABCEDDDDADCBEECACBC;ACACEEBCCBABADBBBACDBBACCCCADCEBADCBEEDBBEADB;EBBADCABDABACBCEBDEEAAADDBECDECDDBADBCDAAECBCCAECB;AADDDBEEEBEDDBEBACABCDBABECECACAECDCBDCCEDCDA;1;160;200;160;180;120;820;E;E;F;D;2;A;A;B;C;A;A;B;A;A;A;A;A;A;B;A;A;C;A;A;A
190001004690;2019;1504208;Marabá;15;PA;19;M;1;2;1;1504208;Marabá;15;PA;1;2;1;1;0;;;;;;;;;0;0;0;0;0;0;0;0;0;0;0;0;0;0;0;0;0;0;0;0;0;0;0;0;0;0;0;0;0;0;0;0;0;0;0;0;0;0;0;0;0;0;0;0;0;0;0;0;0;0;0;1504208;Marabá;15;PA;1;1;1;1;503;508;512;515;609.6;592;546.4;692.2;EAECBCDEADCACBDBBBEADDAEEBADADDEECDCBACADBBDA;CBABADBBEAEE*DCAECBEEEBDDEDEEABDBECECCCAACBAB;99999CEBAACBACDECBADCEDCCAEBCAADEEAADDDDACDEDBAAEA;EEBADDBBBEAA*EEACEDEBDADCCDEBADBBADABEDCDDBAA;1;AAECACDEADCBCDDDBCBDADAEABCEBABEEBCBEECEBDADC;CBABADBBCEEEBCBADCBEEDBBEADBBACDBBACCCCADACAC;BBEDABDACACBABAECBBCCADCEBDBBCDDEEAAADDBECDECAAECD;EEEADBEBACABCDBABECECACDCBDCCEDCDABEDECDDDBAA;1;160;160;180;180;120;800;E;E;C;B;4;B;A;B;C;A;A;B;A;A;A;A;A;A;B;B;A;B;A;A;A
190001004691;2019;1500958;Aurora do Pará;15;PA;22;F;1;3;1;1500958;Aurora do Pará;15;PA;1;2;1;1;0;;;;;;;;;0;0;0;0;0;0;0;0;0;0;0;0;0;0;0;0;0;0;0;0;0;0;0;0;0;0;0;0;0;0;0;0;0;0;0;0;0;0;0;0;0;0;0;0;0;0;0;0;0;0;0;1504059;Mãe do Rio;15;PA;0;0;0;0;;;;;;;;;;;;;1;;;;;;;;;;;;H;B;F;F;7;A;A;B;B;A;A;B;A;A;A;A;A;A;B;A;A;C;A;A;A
190001004692;2019;1500800;Ananindeua;15;PA;16;M;1;1;1;1500800;Ananindeua;15;PA;3;0;1;;1;;;;;;;;;0;0;0;0;0;0;0;0;0;0;0;0;0;0;0;0;0;0;0;0;0;0;0;0;0;0;0;0;0;0;0;0;0;0;0;0;0;0;0;0;0;0;0;0;0;0;0;0;0;0;0;1500800;Ananindeua;15;PA;1;1;1;1;506;510;513;517;497.2;443.4;511.3;392.4;DDAADBCADDDBBACECBBCBDBCBEEBECBACCEBBCEEBDCBC;AACEBCDAAAAAAAAAAAAABCDAADBAAEAAAAAAACADCADAA;99999AEBCAEBECBBEAEEDCDCCCDAECAEEEECBEAABCEECAAACC;EBBEBCEACEBCBDBABDECCCECCBDDCBEACAECCEECDCCBB;1;DEADBAAAEBEECEBCBCBCBDADAEABCEDDDDADCBEECACBC;EEBCEEDBADBBCBABCCADCEBACDBBACCACACBEADBBADCB;ADBBEDCABAABBCBCDAAECDDDBAAAECADECDCEBDEEAECBDBBCC;AADDDBEEEBEDDBEBACABCDBABECECACAECDCBDCCEDCDA;1;100;40;40;120;40;340;H;E;B;B;4;C;A;C;C;A;B;B;A;B;A;B;A;A;C;B;A;D;A;A;B
190001004693;2019;1501402;Belém;15;PA;21;M;1;3;1;1501402;Belém;15;PA;1;2;1;1;0;;;;;;;;;0;0;0;0;0;0;0;0;0;0;0;0;0;0;0;0;0;0;0;0;0;0;0;0;0;0;0;0;0;0;0;0;0;0;0;0;0;0;0;0;0;0;0;0;0;0;0;0;0;0;0;1501402;Belém;15;PA;1;1;1;1;505;510;513;518;483.6;465.7;483.6;392.9;BACBCABDDDCEAEBABEEDCDCCEAAEABBDCCEBDAEDDAAEE;DBABAEDCADBECACABCAEDEDECBCDEBCCABDADBBCCAEDC;99999DEAEBDBBCBCEDAACBEAEEDADCAEBCABCCEEABDEAABCCD;EEDCABCAEBDDAABDBCAEDBCDDEEBDBAECBCDCEAADCBEA;1;DADCCEBBCCACBEEBEEBACBCDDDDADBCBBCEAEADEADAAE;EEBCEEDBADBBCBABCCADCEBACDBBACCACACBEADBBADCB;ADBBEDCABAABBCBCDAAECDDDBAAAECADECDCEBDEEAECBDBBCC;DBEBACABCDBABECEEEDCBDCCEDCDABEDAADDDECACAECB;1;140;120;120;120;140;640;C;C;D;B;5;D;A;B;C;A;B;B;A;A;A;B;A;A;C;A;A;D;A;A;A
190001004694;2019;1504208;Marabá;15;PA;19;M;1;3;1;1504208;Marabá;15;PA;1;1;1;;0;;;;;;;;;0;0;0;0;0;0;0;0;0;0;0;0;0;0;0;0;0;0;0;0;0;0;0;0;0;0;0;0;0;0;0;0;0;0;0;0;0;0;0;0;0;0;0;0;0;0;0;0;0;0;0;1504208;Marabá;15;PA;1;1;1;1;504;508;512;516;493;483.6;522.5;554.9;ACCCEDACEBEAEBCAEDADDDCEDCCEBCBCACEEBEECDCAAE;ABAC.BDACABADCEBEAEBBDDEAACDEDCCDBEBACAEDCCAC;EDBDE99999EBACCEEEEEBACCDBAABCBDCBEAADDDECBBECACCD;DABCBBABDAEBABCBECCBECDBAEACABBBEBECEBEADCABD;0;BEEAAEBEEBADEADDADAEABCEDDDBCBCBCCACBCDADCCEB;CBABADBBCEEEBCBADCBEEDBBEADBBACDBBACCCCADACAC;BBEDABDACACBABAECBBCCADCEBDBBCDDEEAAADDBECDECAAECD;BEDEEEAADBEBACABCDBABECECACADCBDCCEDCDABECDDD;1;120;140;120;120;100;600;H;G;C;D;4;E;A;B;E;A;B;B;A;A;A;A;A;A;C;A;A;D;A;B;B
190001004695;2019;1500800;Ananindeua;15;PA;26;F;2;1;1;1500800;Ananindeua;15;PA;1;9;1;1;0;;;;;;;;;0;0;0;0;0;0;0;0;0;0;0;0;0;0;0;0;0;0;0;0;0;0;0;0;0;0;0;0;0;0;0;0;0;0;0;0;0;0;0;0;0;0;0;0;0;0;0;0;0;0;0;1501402;Belém;15;PA;1;1;1;1;503;510;513;515;438.4;463.3;490.2;424.1;CDEBBABADDDCADCDBECBDCBDACEDCBCBBDDBEDBDCBBAC;CBDCDBDBADDADCACBDEDCBECEEDBDCBAECDCBDCDDBECC;99999AEECBBBEEBBAAEECDDEEECADCDEECCBBBBEBDAEEADDCA;AAADAEBCAEACDBCCDEBCDBDCADACDCACC*AEDBDBACDEB;1;AAECACDEADCBCDDDBCBDADAEABCEBABEEBCBEECEBDADC;EEBCEEDBADBBCBABCCADCEBACDBBACCACACBEADBBADCB;ADBBEDCABAABBCBCDAAECDDDBAAAECADECDCEBDEEAECBDBBCC;EEEADBEBACABCDBABECECACDCBDCCEDCDABEDECDDDBAA;1;100;120;100;60;20;400;B;D;B;B;6;D;A;B;C;A;A;B;A;A;A;A;A;A;B;A;A;B;A;A;A
190001004696;2019;1507300;São Félix do Xingu;15;PA;18;F;1;1;1;1507300;São Félix do Xingu;15;PA;2;0;2;1;0;15121607;1507300;São Félix do Xingu;15;PA;2;1;1;0;0;0;0;0;0;0;0;0;0;0;0;0;0;0;0;0;0;0;0;0;0;0;0;0;0;0;0;0;0;0;0;0;0;0;0;0;0;0;0;0;0;0;0;0;0;0;0;0;0;0;1507300;São Félix do Xingu;15;PA;1;1;1;1;506;509;514;517;501.3;534.3;539.7;545.1;DEDBABABEABADDEEBEBBDADEEBBCEEDBCAEBBAAEADCCD;CCBBECACBBACABBEBCBABEEDCEBDEBEABECBEADBADEDD;EDBAB99999BACCECDAEBAAADBEDBEEABEDAEBBDADBBEECEACE;ABCADBECDAAEDADCAECAADEBEECDDBDEBDCBEBEDBECBB;0;DEADBAAAEBEECEBCBCBCBDADAEABCEDDDDADCBEECACBC;ACACEEBCCBABADBBBACDBBACCCCADCEBADCBEEDBBEADB;EBBADCABDABACBCEBDEEAAADDBECDECDDBADBCDAAECBCCAECB;AADDDBEEEBEDDBEBACABCDBABECECACAECDCBDCCEDCDA;1;160;120;140;160;160;740;C;D;C;B;4;C;A;B;C;B;A;B;B;B;A;B;A;A;B;A;B;D;A;B;B
190001004697;2019;1502905;Curuçá;15;PA;26;F;1;1;1;1502905;Curuçá;15;PA;1;7;1;1;0;;;;;;;;;0;0;0;0;0;0;0;0;0;0;0;0;0;0;0;0;0;0;0;0;0;0;0;0;0;0;0;0;0;0;0;0;0;0;0;0;0;0;0;0;0;0;0;0;0;0;0;0;0;0;0;1502905;Curuçá;15;PA;1;1;1;1;505;507;511;518;349.4;375.8;524.3;446.7;DBCDDDCEACBDABEEBCABDBECC*BDBEDACCBECDABCEACB;ECAACDEBCABDCEABDEDCCDBCABDECACBDACDEDCCBDAAA;99999ECADCDCBABBDDABAADECDEAEBDCBBEDABEADDCEBCDBEA;ABDCDEBCADEEABCECBCCABDAEBEDCABCBDEACDCEDABEC;1;DADCCEBBCCACBEEBEEBACBCDDDDADBCBBCEAEADEADAAE;BACCCBABBADCBCEEEBCACACEEDBCCADBEADBADBBBACDB;BDABEABCADBCBAADDBECDAAECDAECBECBCCDEEAAADDBBCDCEB;DBEBACABCDBABECEEEDCBDCCEDCDABEDAADDDECACAECB;1;100;120;100;80;80;480;C;C;A;A;3;A;A;B;C;A;A;B;A;A;A;A;A;A;B;B;A;B;A;A;A
190001004698;2019;1501402;Belém;15;PA;18;F;1;3;1;1501402;Belém;15;PA;2;0;2;1;0;15042820;1501402;Belém;15;PA;2;1;1;0;0;0;0;0;0;0;0;0;0;0;0;0;0;0;0;0;0;0;0;0;0;0;0;0;0;0;0;0;0;0;0;0;0;0;0;0;0;0;0;0;0;0;0;0;0;0;0;0;0;0;1501402;Belém;15;PA;1;1;1;1;506;508;512;517;407.4;364.8;487.2;377.9;CDDECEB*DDABCAACCDDEABDCEDEADDDDDCDCCABCCBDBC;AEAABAEDDAADBEBBAADEDBCDCBEDBAEDDAEAEEEBDDEEC;DADAB99999CCDABCEECCCBAABCDEAABBADAADABBECCECAAEAC;CCCDBCEDCCBACCECCDBCCACDCACBCEACECCBDADACCBDD;0;DEADBAAAEBEECEBCBCBCBDADAEABCEDDDDADCBEECACBC;CBABADBBCEEEBCBADCBEEDBBEADBBACDBBACCCCADACAC;BBEDABDACACBABAECBBCCADCEBDBBCDDEEAAADDBECDECAAECD;AADDDBEEEBEDDBEBACABCDBABECECACAECDCBDCCEDCDA;1;100;120;100;120;120;560;E;E;C;B;3;D;A;B;C;A;A;B;A;A;A;A;A;A;B;A;A;D;A;A;B
190001004699;2019;1506807;Santarém;15;PA;22;F;1;3;1;1600105;Amapá;16;AP;1;4;1;1;0;;;;;;;;;0;0;0;0;0;0;0;0;0;0;0;0;0;0;0;0;0;0;0;0;0;0;0;0;0;0;0;0;0;0;0;0;0;0;0;0;0;0;0;0;0;0;0;0;0;0;0;0;0;0;0;1506807;Santarém;15;PA;1;1;1;1;503;508;512;515;397.6;518.6;489.3;366.9;CDDDBEDDBCDCADBADBECACEBCEADDBCBEBECBCAEDCDED;BBAACBDACDDEDDBDECBAADDBBBCBDABCADCECEEACAEAC;99999CEDADCEBDAEBCDCAADACDDDBEEBABDEBDBDECBACEBDDB;CBCECBADDCBEDAADDDBCCDADADDBCCBEACDBDCECDCBDB;1;AAECACDEADCBCDDDBCBDADAEABCEBABEEBCBEECEBDADC;CBABADBBCEEEBCBADCBEEDBBEADBBACDBBACCCCADACAC;BBEDABDACACBABAECBBCCADCEBDBBCDDEEAAADDBECDECAAECD;EEEADBEBACABCDBABECECACDCBDCCEDCDABEDECDDDBAA;1;80;120;120;120;60;500;B;E;F;F;7;A;A;B;D;A;A;B;A;B;A;A;A;A;B;A;A;C;A;A;A
190001004700;2019;1505536;Parauapebas;15;PA;29;F;1;2;1;1507151;São Domingos do Araguaia;15;PA;1;3;1;;0;;;;;;;;;0;0;0;0;0;0;0;0;0;0;0;0;0;0;0;0;0;0;0;0;0;0;0;0;0;0;0;0;0;0;0;0;0;0;0;0;0;0;0;0;0;0;0;0;0;0;0;0;0;0;0;1505536;Parauapebas;15;PA;0;0;0;0;;;;;;;;;;;;;0;;;;;;;;;;;;C;B;A;B;3;B;A;B;C;A;A;B;A;A;A;A;A;A;B;B;A;B;A;B;B
190001004701;2019;1500503;Almeirim;15;PA;21;F;1;3;1;1500503;Almeirim;15;PA;1;4;1;;0;;;;;;;;;0;0;0;0;0;0;0;0;0;0;0;0;0;0;0;0;0;0;0;0;0;0;0;0;0;0;0;0;0;0;0;0;0;0;0;0;0;0;0;0;0;0;0;0;0;0;0;0;0;0;0;1500503;Almeirim;15;PA;0;1;1;0;;510;513;;;387.4;375.5;;;ACDEACDEABCEC*BAEBDCBDEACBBEDAEACADEACBDBDACE;99999EECAEBCBDAA*CABABCDAEABCDEABDADBCAEBCADCADBED;;1;;EEBCEEDBADBBCBABCCADCEBACDBBACCACACBEADBBADCB;ADBBEDCABAABBCBCDAAECDDDBAAAECADECDCEBDEEAECBDBBCC;;1;120;80;60;120;20;400;E;C;A;A;6;B;A;B;B;A;A;B;A;B;A;A;A;A;B;A;A;B;A;A;A
190001004702;2019;1502400;Castanhal;15;PA;37;F;2;2;1;1507201;São Domingos do Capim;15;PA;1;13;1;1;0;;;;;;;;;0;0;0;0;0;0;0;0;0;0;0;0;0;0;0;0;0;0;0;0;0;0;0;0;0;0;0;0;0;0;0;0;0;0;0;0;0;0;0;0;0;0;0;0;0;0;0;0;0;0;0;1502400;Castanhal;15;PA;1;1;1;1;504;510;513;516;502.6;477.2;499.6;389;BECCDACBEBBBDDCECCADABAEDAABEDDCCAAEABAADDBAE;AEADCAABBDADABDACADBCEEBBEBACEDACECCAAAADBABA;99999ACBCACABABDEACEEADDDAADDCBEABDCABEABCBECDAABA;EDCAABCEAEDCAEDBAAECECDEDDEBCACAEAACEEBADEBCC;1;BEEAAEBEEBADEADDADAEABCEDDDBCBCBCCACBCDADCCEB;EEBCEEDBADBBCBABCCADCEBACDBBACCACACBEADBBADCB;ADBBEDCABAABBCBCDAAECDDDBAAAECADECDCEBDEEAECBDBBCC;BEDEEEAADBEBACABCDBABECECACADCBDCCEDCDABECDDD;1;100;120;100;100;100;520;B;F;A;D;3;B;A;B;C;A;A;B;A;A;A;A;A;A;B;A;A;D;A;A;B
190001004703;2019;1503309;Igarapé-Miri;15;PA;17;M;1;3;1;1503309;Igarapé-Miri;15;PA;3;0;1;;1;;;;;;;;;0;0;0;0;0;0;0;0;0;0;0;0;0;0;0;0;0;0;0;0;0;0;0;0;0;0;0;0;0;0;0;0;0;0;0;0;0;0;0;0;0;0;0;0;0;0;0;0;0;0;0;1503309;Igarapé-Miri;15;PA;1;1;1;1;505;510;513;518;481;580.1;596.7;650.2;AACBCCBBCDBCCECBEEEDDBACDACAEDEDEACEAACEDCEBD;EACDBBDBADAEABCBCAAEBEAABDBCEBCACABBAECEBBDCB;ADBBE99999BDBCCCCACECDDEDDAADCAEDCDCDECEBAECBDEBCC;AEBBACCBAAEBDEDEDDCCABEBEDCEABDCABEACCACDACAE;0;DADCCEBBCCACBEEBEEBACBCDDDDADBCBBCEAEADEADAAE;EEBCEEDBADBBCBABCCADCEBACDBBACCACACBEADBBADCB;ADBBEDCABAABBCBCDAAECDDDBAAAECADECDCEBDEEAECBDBBCC;DBEBACABCDBABECEEEDCBDCCEDCDABEDAADDDECACAECB;1;140;120;120;160;140;680;E;E;C;B;5;C;A;B;D;A;C;B;A;B;A;B;A;A;C;B;A;D;A;B;B
190001004704;2019;1505304;Oriximiná;15;PA;21;M;1;3;1;1505304;Oriximiná;15;PA;1;4;1;1;0;;;;;;;;;0;0;0;0;0;0;0;0;0;0;0;0;0;0;0;0;0;0;0;0;0;0;0;0;0;0;0;0;0;0;0;0;0;0;0;0;0;0;0;0;0;0;0;0;0;0;0;0;0;0;0;1505304;Oriximiná;15;PA;1;1;1;1;504;509;514;516;399;499.8;571.7;614.8;CEBEBADECBCBDDBBDCDBABDCEBBDCCDDBDBBADECDDBCC;ADACABECACACADDAEACDAECBDABACCADBACAAAEECBDBA;EBBAD99999BECCCAEBEDAADDADDEDECBDCAEBBCACEDBACAEBC;DBDEABAACBBBABADCDAAAECCABCBDBBCCDBBEDCCBEACC;0;BEEAAEBEEBADEADDADAEABCEDDDBCBCBCCACBCDADCCEB;ACACEEBCCBABADBBBACDBBACCCCADCEBADCBEEDBBEADB;EBBADCABDABACBCEBDEEAAADDBECDECDDBADBCDAAECBCCAECB;BEDEEEAADBEBACABCDBABECECACADCBDCCEDCDABECDDD;1;120;120;140;120;60;560;E;E;B;A;4;B;A;B;B;A;B;B;B;B;A;A;A;A;B;B;A;C;A;A;A
190001004705;2019;1504208;Marabá;15;PA;17;M;1;3;1;1504208;Marabá;15;PA;2;0;2;1;0;15548317;1504208;Marabá;15;PA;1;1;1;0;0;0;0;0;0;0;0;0;0;0;0;0;0;0;0;0;0;0;0;0;0;0;0;0;0;0;0;0;0;0;0;0;0;0;0;0;0;0;0;0;0;0;0;0;0;0;0;0;0;0;1504208;Marabá;15;PA;1;1;1;1;506;507;511;517;550.8;618.4;606.8;635.5;DBCDCBDEECECEDACBCBBEECDAEADCEBEBDBBBBBECCBEA;BEDCCBAABACCBCEBEBCACACEBDBEEAECAADEEDBEEACAB;99999ABCABBECAAADAECDBAECDCECBDCCECDECDADDDBBEDCAE;AACBCBECBCEDDCABABCBBCCACCAEBABBCCBBCAEDABDEA;1;DEADBAAAEBEECEBCBCBCBDADAEABCEDDDDADCBEECACBC;BACCCBABBADCBCEEEBCACACEEDBCCADBEADBADBBBACDB;BDABEABCADBCBAADDBECDAAECDAECBECBCCDEEAAADDBBCDCEB;AADDDBEEEBEDDBEBACABCDBABECECACAECDCBDCCEDCDA;1;120;140;180;200;160;800;G;F;D;D;4;M;A;C;D;B;A;B;A;B;A;A;A;B;B;B;B;D;A;B;B
190001004706;2019;1504208;Marabá;15;PA;17;F;1;2;1;2105302;Imperatriz;21;MA;3;0;1;;1;;;;;;;;;0;0;0;0;0;0;0;0;0;0;0;0;0;0;0;0;0;0;0;0;0;0;0;0;0;0;0;0;0;0;0;0;0;0;0;0;0;0;0;0;0;0;0;0;0;0;0;0;0;0;0;1504208;Marabá;15;PA;1;1;1;1;504;509;514;516;452.5;444.8;458.7;414.8;DBEDAABDEDABDCDBBEBDDBCDAAABEACCBDDACEBACABDD;AADBADADEEACDBEEBAAC*EEABBDABCEDAECECBDBDBEED;99999ACBEBBADEDCCBBBDAECEAADDEAAAACCBDCACCECCEBCBE;BCCDCCCECBBCDBEDBDEDBEBACAEC.ACCBABEACCBBDBBC;1;BEEAAEBEEBADEADDADAEABCEDDDBCBCBCCACBCDADCCEB;ACACEEBCCBABADBBBACDBBACCCCADCEBADCBEEDBBEADB;EBBADCABDABACBCEBDEEAAADDBECDECDDBADBCDAAECBCCAECB;BEDEEEAADBEBACABCDBABECECACADCBDCCEDCDABECDDD;1;120;120;100;100;0;440;E;E;F;A;2;B;A;B;C;A;A;B;A;A;A;A;A;A;B;A;A;B;A;A;A
190001004707;2019;1500800;Ananindeua;15;PA;16;F;1;2;1;1500800;Ananindeua;15;PA;3;0;1;;1;;;;;;;;;0;0;0;0;0;0;0;0;0;0;0;0;0;0;0;0;0;0;0;0;0;0;0;0;0;0;0;0;0;0;0;0;0;0;0;0;0;0;0;0;0;0;0;0;0;0;0;0;0;0;0;1500800;Ananindeua;15;PA;1;1;1;1;505;510;513;518;396.4;400.6;418.8;370.3;ABBBEECBCEECADDABBACDBBADEADEBBCEBEEBBBDDABEC;CBDABACDBAACDCEECBADCDEACACCADBCBECABDDEBACED;DBDDC99999AABDADEABDBDDBBEACBACADCEBCDBABACAECADAB;...........CADEACDBAECACECABCCBDEDBDAECDABDBA;0;DADCCEBBCCACBEEBEEBACBCDDDDADBCBBCEAEADEADAAE;EEBCEEDBADBBCBABCCADCEBACDBBACCACACBEADBBADCB;ADBBEDCABAABBCBCDAAECDDDBAAAECADECDCEBDEEAECBDBBCC;DBEBACABCDBABECEEEDCBDCCEDCDABEDAADDDECACAECB;1;120;120;120;120;80;560;H;D;F;B;6;C;A;B;D;A;A;B;B;B;A;B;A;A;C;B;A;D;A;B;B
190001004708;2019;1506138;Redenção;15;PA;19;F;1;1;1;1506138;Redenção;15;PA;1;2;1;1;0;;;;;;;;;0;0;0;0;0;0;0;0;0;0;0;0;0;0;0;0;0;0;0;0;0;0;0;0;0;0;0;0;0;0;0;0;0;0;0;0;0;0;0;0;0;0;0;0;0;0;0;0;0;0;0;1506138;Redenção;15;PA;1;1;1;1;505;507;511;518;377.2;469.7;512.2;517.7;ACACBECCAEEBACEECCDBDAABABDBABECBCDADBEDCECDC;BDCCABABBBBAACDABADDEBDEBCBCEABACDCDCABAABECE;99999EDCAEBCBABBBBAEDAEEABECACECEDEABBBAADBBBBCDBC;BECEACBBADEDECCADECADCECCAABADBAEAEBBDACBABEC;1;DADCCEBBCCACBEEBEEBACBCDDDDADBCBBCEAEADEADAAE;BACCCBABBADCBCEEEBCACACEEDBCCADBEADBADBBBACDB;BDABEABCADBCBAADDBECDAAECDAECBECBCCDEEAAADDBBCDCEB;DBEBACABCDBABECEEEDCBDCCEDCDABEDAADDDECACAECB;1;120;140;120;120;100;600;B;E;C;B;4;E;A;B;C;B;B;B;A;A;A;A;A;A;B;A;B;D;A;A;B
190001004709;2019;1506807;Santarém;15;PA;26;M;1;3;1;1506807;Santarém;15;PA;1;8;1;;0;;;;;;;;;0;0;0;0;0;0;0;0;0;0;0;0;0;0;0;0;0;0;0;0;0;0;0;0;0;0;0;0;0;0;0;0;0;0;0;0;0;0;0;0;0;0;0;0;0;0;0;0;0;0;0;1506807;Santarém;15;PA;1;1;1;1;505;509;514;518;508.2;520;567;472.1;CCBCEDBCCBECEDCBDEADACBCBEEDDBDABCEBEDEEBEAEE;ACECAECCEAAEBDEEAACABBEBCACBDCCDECBBDBBADABAD;EBCAB99999BCCCCDEDEBEECDBDEBAECECADBBBCAAECACCAECC;EBBCADCECDEBEECECBEADEBBADABCDBCBEDCDACBCDCBE;0;DADCCEBBCCACBEEBEEBACBCDDDDADBCBBCEAEADEADAAE;ACACEEBCCBABADBBBACDBBACCCCADCEBADCBEEDBBEADB;EBBADCABDABACBCEBDEEAAADDBECDECDDBADBCDAAECBCCAECB;DBEBACABCDBABECEEEDCBDCCEDCDABEDAADDDECACAECB;1;120;120;140;120;140;640;C;B;C;B;2;C;A;B;C;A;A;B;A;A;A;B;A;A;B;A;A;C;A;A;A
190001004710;2019;1500800;Ananindeua;15;PA;16;M;1;3;1;1500800;Ananindeua;15;PA;2;0;2;1;0;15038378;1501402;Belém;15;PA;2;1;1;0;0;0;0;0;0;0;0;0;0;0;0;0;0;0;0;0;0;0;0;0;0;0;0;0;0;0;0;0;0;0;0;0;0;0;0;0;0;0;0;0;0;0;0;0;0;0;0;0;0;0;1500800;Ananindeua;15;PA;1;1;1;1;505;507;511;518;624;560.3;565.9;664.7;BADCDEBCDCCCDBCBCBCEACCDDBAEABCBBBDAEADEADBDE;EEEACBABABDCBCDAEECECEBAEDECBAEACECAABBCEABDE;BDACC99999BCB.ADECECAAAECECECEDCBACDCBDCEDDDCCDCCE;DEABADEBDBCBCEAABBBCCBACEDCBAABCEADBCBDDBACAB;0;DADCCEBBCCACBEEBEEBACBCDDDDADBCBBCEAEADEADAAE;BACCCBABBADCBCEEEBCACACEEDBCCADBEADBADBBBACDB;BDABEABCADBCBAADDBECDAAECDAECBECBCCDEEAAADDBBCDCEB;DBEBACABCDBABECEEEDCBDCCEDCDABEDAADDDECACAECB;1;140;140;160;160;160;760;D;F;D;D;3;C;A;B;D;A;A;B;A;B;A;A;A;A;B;A;B;B;A;B;B
190001004711;2019;1501501;Benevides;15;PA;20;F;1;1;1;1501501;Benevides;15;PA;1;3;1;1;0;;;;;;;;;0;0;0;0;0;0;0;0;0;0;0;0;0;0;0;0;0;0;0;0;0;0;0;0;0;0;0;0;0;0;0;0;0;0;0;0;0;0;0;0;0;0;0;0;0;0;0;0;0;0;0;1501501;Benevides;15;PA;1;1;1;1;504;508;512;516;365.6;510.1;473.4;599.5;ADCDEEDEDBEEDCAACDDDDBBBBCBACCDEEABADE*BCCECB;ABAADDBEAAEECBDBDADCEDABEDABECEDBECBDDBECECDA;99999EDACEACBBDEBACDCABBCACADBCEBACAABDAEAEB*CBADD;BECEABEDCBCBBCCCBDBABEADBDBDDDCCEEABCEABDDAAC;1;BEEAAEBEEBADEADDADAEABCEDDDBCBCBCCACBCDADCCEB;CBABADBBCEEEBCBADCBEEDBBEADBBACDBBACCCCADACAC;BBEDABDACACBABAECBBCCADCEBDBBCDDEEAAADDBECDECAAECD;BEDEEEAADBEBACABCDBABECECACADCBDCCEDCDABECDDD;1;180;200;180;180;180;920;B;D;C;B;4;C;A;B;C;A;A;B;A;A;A;A;A;A;B;A;A;D;A;A;A
190001004712;2019;1500800;Ananindeua;15;PA;22;F;0;1;1;1500800;Ananindeua;15;PA;1;4;1;;0;;;;;;;;;0;0;0;0;0;0;0;0;0;0;0;0;0;0;0;0;0;0;0;0;0;0;0;0;0;0;0;0;0;0;0;0;0;0;0;0;0;0;0;0;0;0;0;0;0;0;0;0;0;0;0;1500800;Ananindeua;15;PA;0;0;0;0;;;;;;;;;;;;;0;;;;;;;;;;;;G;D;E;B;5;D;A;D;E;B;A;B;A;B;A;B;A;A;B;A;A;E;A;D;B
190001004713;2019;1507953;Tailândia;15;PA;17;M;1;4;1;1507953;Tailândia;15;PA;2;0;2;1;0;15587916;1507953;Tailândia;15;PA;2;1;1;0;0;0;0;0;0;0;0;0;0;0;0;0;0;0;0;0;0;0;0;0;0;0;0;0;0;0;0;0;0;0;0;0;0;0;0;0;0;0;0;0;0;0;0;0;0;0;0;0;0;0;1507953;Tailândia;15;PA;1;1;1;1;504;509;514;516;566.1;585;569.4;584;BACCEEDAEBBAECDABADEADCBDBABDBCCBDBCDBEADBCDD;ACBBCEBCBBAEADBEAAEABEABCCBDDCABBACBAEDDBDABE;EBBAB99999BBABCBEDEBAAADDBBEDECBDBBDADABADCBEDECCE;DABECEAAEEDBACCCCDDCBDDDCDDDAACBEBDACEBAADCAD;0;BEEAAEBEEBADEADDADAEABCEDDDBCBCBCCACBCDADCCEB;ACACEEBCCBABADBBBACDBBACCCCADCEBADCBEEDBBEADB;EBBADCABDABACBCEBDEEAAADDBECDECDDBADBCDAAECBCCAECB;BEDEEEAADBEBACABCDBABECECACADCBDCCEDCDABECDDD;1;120;140;120;120;80;580;E;E;A;B;4;C;A;B;E;A;B;B;B;A;A;A;A;A;B;A;B;E;A;B;B
190001004714;2019;1500800;Ananindeua;15;PA;47;F;2;2;1;1501402;Belém;15;PA;1;13;1;1;0;;;;;;;;;0;0;0;0;0;0;0;0;0;0;0;0;0;0;0;0;0;0;0;0;0;0;0;0;0;0;0;0;0;0;0;0;0;0;0;0;0;0;0;0;0;0;0;0;0;0;0;0;0;0;0;1500800;Ananindeua;15;PA;0;0;0;0;;;;;;;;;;;;;1;;;;;;;;;;;;C;C;C;B;5;C;A;B;C;A;A;B;A;A;A;A;A;A;B;B;A;A;A;A;A
190001004715;2019;1506559;Santa Luzia do Pará;15;PA;18;F;1;2;1;1502202;Capanema;15;PA;1;1;1;1;0;;;;;;;;;0;0;0;0;0;0;0;0;0;0;0;0;0;0;0;0;0;0;0;0;0;0;0;0;0;0;0;0;0;0;0;0;0;0;0;0;0;0;0;0;0;0;0;0;0;0;0;0;0;0;0;1502202;Capanema;15;PA;1;1;1;1;505;507;511;518;470.4;424.2;501.9;532.7;CEABAEBEEDBCAAEDEACEBCCBDAEBABDDBCDABABDCDBAD;CBEEDBCAAADBBEADBECADEEADEEABCDADAEBCCEEACBAA;99999BEAEEBEAACEDCCEABAECDCCDDECADEEEEDCBDCDDCDCDD;DCCDACBDBDEADBCCABCADAEBBDBDBDBCAECBDCADBACAE;1;DADCCEBBCCACBEEBEEBACBCDDDDADBCBBCEAEADEADAAE;BACCCBABBADCBCEEEBCACACEEDBCCADBEADBADBBBACDB;BDABEABCADBCBAADDBECDAAECDAECBECBCCDEEAAADDBBCDCEB;DBEBACABCDBABECEEEDCBDCCEDCDABEDAADDDECACAECB;1;120;140;100;140;100;600;B;B;A;A;3;B;A;B;D;A;B;B;A;A;A;A;A;A;B;A;A;B;A;A;B
190001004716;2019;1505809;Portel;15;PA;25;F;1;3;1;1501808;Breves;15;PA;1;7;1;1;0;;;;;;;;;0;0;0;0;0;0;0;0;0;0;0;0;0;0;0;0;0;0;0;0;0;0;0;0;0;0;0;0;0;0;0;0;0;0;0;0;0;0;0;0;0;0;0;0;0;0;0;0;0;0;0;1501808;Breves;15;PA;0;0;0;0;;;;;;;;;;;;;1;;;;;;;;;;;;E;C;B;B;6;C;A;B;D;A;B;B;A;A;A;A;A;A;C;A;A;C;A;A;A
190001004717;2019;1500107;Abaetetuba;15;PA;16;F;1;3;1;1500107;Abaetetuba;15;PA;3;0;1;;1;;;;;;;;;0;0;0;0;0;0;0;0;0;0;0;0;0;0;0;0;0;0;0;0;0;0;0;0;0;0;0;0;0;0;0;0;0;0;0;0;0;0;0;0;0;0;0;0;0;0;0;0;0;0;0;1500107;Abaetetuba;15;PA;0;0;0;0;;;;;;;;;;;;;0;;;;;;;;;;;;A;C;A;F;3;B;A;B;B;A;A;A;A;A;A;A;A;A;B;A;A;B;A;A;A
190001004718;2019;1508308;Viseu;15;PA;28;F;1;3;1;1508308;Viseu;15;PA;1;8;1;;0;;;;;;;;;0;0;0;0;0;0;0;0;0;0;0;0;0;0;0;0;0;0;0;0;0;0;0;0;0;0;0;0;0;0;0;0;0;0;0;0;0;0;0;0;0;0;0;0;0;0;0;0;0;0;0;1501402;Belém;15;PA;1;1;1;1;504;508;512;516;370.3;494.7;429.4;427.8;AAECDCAEABEEDECEBDBDEECBADCBDABDBDEADAAEBCBDA;DBACECBAAEDBDDEBDBDECDBCDCDBEAECADCBCDDCAAEBC;99999CBDEACBCDEBECCCCECCDCDAEACBDADDBEDBCDBDECDEBB;EBCDAADEBDACAACBCAEAEBCEDACBDABCADEEBEECADDBD;1;BEEAAEBEEBADEADDADAEABCEDDDBCBCBCCACBCDADCCEB;CBABADBBCEEEBCBADCBEEDBBEADBBACDBBACCCCADACAC;BBEDABDACACBABAECBBCCADCEBDBBCDDEEAAADDBECDECAAECD;BEDEEEAADBEBACABCDBABECECACADCBDCCEDCDABECDDD;1;80;120;80;80;40;400;C;C;A;A;5;B;A;B;D;A;A;B;A;A;A;A;A;A;B;A;A;B;A;A;A
190001004719;2019;1501402;Belém;15;PA;20;F;1;1;1;1501402;Belém;15;PA;1;3;1;1;0;;;;;;;;;0;0;0;0;0;0;0;0;0;0;0;0;0;0;0;0;0;0;0;0;0;0;0;0;0;0;0;0;0;0;0;0;0;0;0;0;0;0;0;0;0;0;0;0;0;0;0;0;0;0;0;1501402;Belém;15;PA;1;1;1;1;506;507;511;517;504.6;392.6;505.1;532.2;BCCDDDBADCBCDEBCECBAEEDCBDABDEBACDBCADEEBBCDB;EAECAAABDBCBEACBCDADBECBDBCADBEABDDABDCDEBCDB;99999ABAAECCBAADAEEBEADEBADBCCDECDCACBDCADBBEBCADA;DBACDBECBDEBDCBDAAADCDCBDBCDBCBCBEBBDAEBCDBEC;1;DEADBAAAEBEECEBCBCBCBDADAEABCEDDDDADCBEECACBC;BACCCBABBADCBCEEEBCACACEEDBCCADBEADBADBBBACDB;BDABEABCADBCBAADDBECDAAECDAECBECBCCDEEAAADDBBCDCEB;AADDDBEEEBEDDBEBACABCDBABECECACAECDCBDCCEDCDA;1;120;140;120;120;140;640;D;E;C;B;3;B;A;B;B;A;A;B;A;A;A;A;A;A;B;A;A;D;A;A;A
190001004720;2019;1501402;Belém;15;PA;19;F;1;1;1;1501402;Belém;15;PA;1;1;1;1;0;;;;;;;;;0;0;0;0;0;0;0;0;0;0;0;0;0;0;0;0;0;0;0;0;0;0;0;0;0;0;0;0;0;0;0;0;0;0;0;0;0;0;0;0;0;0;0;0;0;0;0;0;0;0;0;1501402;Belém;15;PA;1;1;1;1;505;507;511;518;423.1;487.2;528.3;480.4;BEABCCADCDAECBDDEBEBCCEBEACBCACEDDCBAADDEDCCD;BCECACCAABCDACAAEECDBCEACABCBDBCAECEADBEEBCCB;BEADA99999CCBADDDABBAAAEECEEECDCECCCCBDAADEBEDEBBD;BCBCABCEADECBECDCDCACEEBEBEBBDBCAEAACDDCECCDC;0;DADCCEBBCCACBEEBEEBACBCDDDDADBCBBCEAEADEADAAE;BACCCBABBADCBCEEEBCACACEEDBCCADBEADBADBBBACDB;BDABEABCADBCBAADDBECDAAECDAECBECBCCDEEAAADDBBCDCEB;DBEBACABCDBABECEEEDCBDCCEDCDABEDAADDDECACAECB;1;100;120;100;100;80;500;D;E;C;F;6;C;A;C;C;A;A;C;B;B;A;A;A;A;D;B;B;C;B;B;B
190001004721;2019;1501402;Belém;15;PA;20;F;1;3;1;1501402;Belém;15;PA;2;0;2;1;0;15209008;1501402;Belém;15;PA;2;1;1;0;0;0;0;0;0;0;0;0;0;0;0;0;0;0;0;0;0;0;0;0;0;0;0;0;0;0;0;0;0;0;0;0;0;0;0;0;0;0;0;0;0;0;0;0;0;0;0;0;0;0;1501402;Belém;15;PA;1;1;1;1;504;507;511;516;472;341.5;520.7;467.4;CEBDDABEDCBEEADECBADCBEEDBEAABCACBDEBEADCAECA;CBCEEAABCBADCDCBCADBEADCBCDEABBAABBCDBEEEBCCA;99999CBDDEBCEADEEBBECAAECDCEECB*EEABEBAABDCDEDDAAA;ABEEECDBAAACBDEEADDAEDCAAEEEBCEDEBAECCACBEEBC;1;BEEAAEBEEBADEADDADAEABCEDDDBCBCBCCACBCDADCCEB;BACCCBABBADCBCEEEBCACACEEDBCCADBEADBADBBBACDB;BDABEABCADBCBAADDBECDAAECDAECBECBCCDEEAAADDBBCDCEB;BEDEEEAADBEBACABCDBABECECACADCBDCCEDCDABECDDD;1;140;140;140;140;160;720;E;B;C;B;6;B;A;B;B;A;A;B;A;B;A;B;A;A;B;A;A;B;B;B;B
190001004722;2019;1501402;Belém;15;PA;35;F;2;1;1;1501402;Belém;15;PA;1;12;1;1;0;;;;;;;;;0;0;0;0;0;0;0;0;0;0;0;0;0;0;0;0;0;0;0;0;0;0;0;0;0;0;0;0;0;0;0;0;0;0;0;0;0;0;0;0;0;0;0;0;0;0;0;0;0;0;0;1501402;Belém;15;PA;1;1;1;1;503;508;512;515;423.2;499.1;441;427.2;DDEACAECCC*BCDBAACDACCBAEBBCEEEAECABBCECBBEAA;CDCAACCAAADEACBBEBAAEECDABDEBAEAABEDCABABAABC;99999ECBCECEBBABECCCECECCEECCDECEEEDADDDDECEDDBDBA;DDBEADEBBCADCEEACABECBCEBADECADCEDAACBDABABCE;1;AAECACDEADCBCDDDBCBDADAEABCEBABEEBCBEECEBDADC;CBABADBBCEEEBCBADCBEEDBBEADBBACDBBACCCCADACAC;BBEDABDACACBABAECBBCCADCEBDBBCDDEEAAADDBECDECAAECD;EEEADBEBACABCDBABECECACDCBDCCEDCDABEDECDDDBAA;1;100;120;120;100;120;560;C;A;B;B;5;C;A;B;C;A;A;B;A;B;A;A;A;A;B;A;B;B;A;A;B
190001004723;2019;1505502;Paragominas;15;PA;30;F;1;2;1;2900900;Almadina;29;BA;1;1;1;;0;;;;;;;;;0;0;0;0;0;0;0;0;0;0;0;0;0;0;0;0;0;0;0;0;0;0;0;0;0;0;0;0;0;0;0;0;0;0;0;0;0;0;0;0;0;0;0;0;0;0;0;0;0;0;0;1505502;Paragominas;15;PA;1;1;1;1;506;509;514;517;451.9;515.7;570.9;511.6;AEDDBBABDCACBEDDBBCBDAAECDDABDEABBBCCBAEECCCE;BCACAEABDBDAADEDEDBADECECDBEDEDABBCACEDECDAEB;99999ABBEAAECBCCEBEBAAADDADCDECADBEDBCAAAECBEBEBEC;ABCABCBCBEECDCACBDCEADEBECAECBCECDAAACEDEECBC;1;DEADBAAAEBEECEBCBCBCBDADAEABCEDDDDADCBEECACBC;ACACEEBCCBABADBBBACDBBACCCCADCEBADCBEEDBBEADB;EBBADCABDABACBCEBDEEAAADDBECDECDDBADBCDAAECBCCAECB;AADDDBEEEBEDDBEBACABCDBABECECACAECDCBDCCEDCDA;1;140;160;120;120;120;660;B;B;A;A;5;C;A;B;C;A;B;B;A;A;A;B;A;A;B;A;A;C;A;A;A
190001004724;2019;1500800;Ananindeua;15;PA;20;F;1;2;1;1501402;Belém;15;PA;1;3;1;;0;;;;;;;;;0;0;0;0;0;0;0;0;0;0;0;0;0;0;0;0;0;0;0;0;0;0;0;0;0;0;0;0;0;0;0;0;0;0;0;0;0;0;0;0;0;0;0;0;0;0;0;0;0;0;0;1500800;Ananindeua;15;PA;1;1;1;1;503;507;511;515;422.4;461.6;466.2;388.8;DAEABABBDDECABECBAEDDDAACDBAABBEBADDABCDEBDCA;ECBACEAA*BDCBEACEBDDEBACAABDBACCAADBCBCEBEBAB;99999BDDADEABCBECACCAEDEBBCBEAEAECBBAEAAEDABEACEAD;EABBCCBEEEDABAEBDCDBBAACBAECBDDCEABABDACDDAEE;1;AAECACDEADCBCDDDBCBDADAEABCEBABEEBCBEECEBDADC;BACCCBABBADCBCEEEBCACACEEDBCCADBEADBADBBBACDB;BDABEABCADBCBAADDBECDAAECDAECBECBCCDEEAAADDBBCDCEB;EEEADBEBACABCDBABECECACDCBDCCEDCDABEDECDDDBAA;1;100;120;120;160;120;620;E;E;F;B;3;B;B;B;C;A;A;B;A;B;A;A;A;A;B;B;A;D;A;A;A
190001004725;2019;1505536;Parauapebas;15;PA;20;F;1;3;1;1505536;Parauapebas;15;PA;1;2;1;1;0;;;;;;;;;0;0;0;0;0;0;0;0;0;0;0;0;0;0;0;0;0;0;0;0;0;0;0;0;0;0;0;0;0;0;0;0;0;0;0;0;0;0;0;0;0;0;0;0;0;0;0;0;0;0;0;1505536;Parauapebas;15;PA;0;0;0;0;;;;;;;;;;;;;0;;;;;;;;;;;;A;A;A;A;3;B;A;B;B;A;A;B;A;A;A;A;A;A;B;A;A;B;A;A;A
